RA_ICRS,DE_ICRS,pmRA,pmDE,Gmag,BPmag,RPmag
56.95523398487,22.62783891363,-0.09,0.396,13.60968,14.033349,13.015225
57.43151037402,22.75236038253,13.773,-13.582,14.834362,15.277673,14.217053
57.41934832313,22.76640036652,3.373,-0.518,12.366303,12.95537,11.631481
57.13264625744,22.66458024364,-15.77,-16.421,12.912434,13.314606,12.337472
57.17867675927,22.68284627403,5.123,-6.066,14.466142,15.055354,13.737148
57.23568494919,22.72880482495,0.179,-14.053,14.071907,14.446332,13.517669
57.19952809452,22.73150751885,4.955,-5.399,14.925109,15.334619,14.3406
57.10733737809,22.65139298708,0.493,-0.354,11.105535,12.469335,9.969215
57.11042277276,22.6534589385,3.655,-4.658,14.23079,14.63546,13.654803
57.08759312697,22.67729979315,3.75,-14.504,14.445804,15.207149,13.596193
57.04866624372,22.72170468382,8.322,-12.163,13.231432,13.595581,12.673848
57.05292219193,22.73249891557,9.975,-3.895,14.104153,14.531528,13.502954
57.03035786403,22.72054166771,-4.441,-8.77,12.965582,13.385469,12.375838
57.11709958794,22.73927060958,-3.56,-0.772,14.174056,14.330882,13.904924
57.15691851053,22.76911351203,19.032,-44.591,13.846435,14.764159,12.827765
57.16835605503,22.78853121859,1.121,-8.171,12.408488,12.752895,11.891146
57.14769556865,22.80119089794,-21.255,-4.414,13.865434,14.289341,13.268106
57.12977326262,22.79198417693,-1.221,-18.302,13.719216,14.106758,13.155783
57.30603747306,22.7095554932,4.304,-3.305,12.673043,13.289187,11.9216
57.26243710836,22.71047784616,20.726,-0.597,12.227454,12.60848,11.678695
57.29962475965,22.71495609635,3.811,-1.905,14.631861,15.100356,13.994252
57.30071273235,22.72626980759,8.086,-20.338,10.803247,11.160658,10.272197
57.35420521742,22.72920524864,0.023,-9.096,12.919383,13.344275,12.326159
57.33872533527,22.73770143225,8.512,2.628,14.90475,15.334508,14.290572
57.2716699183,22.74841830364,-3.62,-3.917,14.059845,14.467145,13.478921
57.37877858814,22.80262140787,7.574,-5.453,12.730491,13.392607,11.948519
57.34858406038,22.84885315952,8.531,-6.323,13.853737,14.258884,13.280028
57.36382918616,22.88529836149,-5.422,-6.266,14.554352,14.938832,13.998096
57.2279862927,22.79917992661,6.021,-6.041,8.095024,8.111139,8.023424
57.21231238131,22.78700011826,1.018,-6.291,14.956192,15.372,14.365524
57.19499412563,22.8049007016,8.4,-7.489,13.310815,13.489152,12.545124
57.26009560807,22.8092567213,-3.16,-7.688,14.332402,14.68949,13.805656
57.26635884119,22.84734368199,11.522,-20.467,12.215094,12.656481,11.613637
57.26483257975,22.8532454577,4.089,-1.442,14.924646,15.295636,14.377739
57.25724525393,22.85024862608,-24.008,-9.038,11.664197,11.999953,11.155677
57.16953309435,22.80333439075,4.465,-2.297,14.853178,15.267278,14.245626
57.1436532278,22.8386966212,9.105,-13.238,14.294216,14.884133,13.564278
57.14853248867,22.84854617965,4.687,-3.499,14.85459,15.471974,14.097441
57.22246169719,22.90636133912,-0.84,-0.77,14.978631,15.372831,14.411579
57.26970535218,22.87335429997,-3.065,-6.679,14.774969,15.171672,14.196421
57.33885278889,22.90363152171,33.897,-8.733,14.86809,15.262192,14.294823
57.24369413119,22.89583224542,-4.306,-25.198,13.41536,13.840686,12.814223
57.2813350472,22.89446664666,7.926,3.686,14.633845,15.005363,14.087093
57.3160771884,22.95746767974,7.432,-0.047,13.959776,14.260888,13.48964
57.59758457493,22.83732642112,-2.309,-7.736,11.785687,12.149966,11.244357
57.57993015742,22.83921047945,-1.673,-0.187,14.977299,15.344082,14.434647
57.61420552873,22.83778671306,-4.651,-6.417,14.376059,14.443607,13.527733
57.59906563892,22.85635118733,2.545,-0.961,14.223509,14.569137,13.679216
57.54803636005,22.82366423534,-7.978,-6.64,13.028696,13.444618,12.443634
57.54429021839,22.84352929866,-1.214,-3.909,14.574064,15.159647,13.84346
57.50770615737,22.81752541703,4.231,27.423,14.906497,15.57685,14.111626
57.49785497734,22.8304320206,7.108,-1.854,13.623113,13.96002,13.088163
57.53191776178,22.8588075164,-4.044,-7.822,12.388493,12.961689,11.666699
57.56677355632,22.84472128766,0.237,-8.953,13.810405,14.230549,13.217198
57.58273419949,22.8561375016,12.99,-15.846,10.979191,11.812439,10.084484
57.59539424457,22.88398060694,1.979,-4.383,14.790053,15.212403,14.198149
57.55413561189,22.85935248199,-4.967,-11.109,13.999993,14.355081,13.467469
57.68706695242,22.91679080956,-0.237,-1.336,12.592218,12.965879,12.04909
57.66227703224,22.91248837355,0.631,-11.128,12.885052,13.481836,12.152724
57.69189073173,22.93047700918,19.432,-44.963,12.54847,13.226937,11.749723
57.62029661861,22.8912327117,9.281,-13.803,14.600501,15.000454,14.02718
57.65101873644,22.92174451197,2.355,0.267,14.643669,15.028299,14.073358
57.66691964981,22.95214737357,3.542,-6.033,14.664332,15.067605,14.085645
57.62925850444,22.9478672755,-2.151,-9.847,13.823075,14.26011,13.214823
57.89466782986,23.04356199704,1.922,-9.05,14.575928,15.071225,13.915918
57.75382912315,22.93148415098,7.263,-9.664,13.752925,14.216354,13.118011
57.80747657194,22.98962584021,3.833,-1.486,14.803516,15.196904,14.231833
57.76535767898,22.97922877844,6.417,-10.96,13.723855,14.121493,13.147929
57.76831732715,22.98808570528,4.222,-5.81,14.74376,15.147203,14.162977
57.76740647105,23.05603360689,3.474,-1.786,13.308072,13.720392,12.702605
57.49025666236,22.84717571903,6.935,-5.966,12.037742,12.506201,11.40334
57.47494630768,22.86384356069,2.104,3.356,14.444502,14.839631,13.851275
57.48674470493,22.88030560172,2.202,-5.585,11.016508,11.316546,10.543063
57.51788046427,22.88390196746,-4.207,-6.002,14.237997,14.717073,13.592052
57.56675731029,22.9316830444,2.437,3.227,13.926127,14.272756,13.400598
57.59530539755,22.95938018922,0.92,0.097,14.394015,15.065152,13.601467
57.51111721703,22.97306836158,6.053,-6.416,14.274478,14.671576,13.703341
57.55147542343,23.01333931459,2.936,0.46,13.919196,14.257905,13.403268
57.59552134116,23.02639552742,-1.712,1.829,13.208415,13.72481,12.527919
57.58108550591,23.02497880869,,,14.778931,14.82397,13.743207
57.5804011842,23.04497982766,1.868,-4.764,14.797071,15.245298,14.172173
57.5519102147,23.02680489458,7.233,1.428,13.390268,13.972973,12.660144
57.39472907352,22.95062826739,4.855,-5.294,14.252283,14.635931,13.687908
57.41861700481,22.94861077343,2.691,-2.706,13.738749,14.390275,12.963847
57.4047660753,22.94748897125,-1.792,0.448,12.162427,12.796955,11.400538
57.38383051161,22.95823639738,-0.633,-2.01,14.230125,14.555319,13.731689
57.39983246424,22.97908304701,4.003,-4.905,13.973437,14.366398,13.407977
57.39008524966,22.98392686816,4.545,-10.313,13.934404,14.535387,13.197985
57.43594731968,22.95622722913,2.567,1.442,14.520079,14.927808,13.936052
57.31470568903,22.98539901253,1.997,-9.309,12.097866,12.773887,11.306798
57.47638412314,23.05948918477,5.2,-12.463,14.879018,15.350469,14.20188
57.5492869653,23.08062907469,4.715,-16.531,13.492454,14.137189,12.709217
57.49993110771,23.06329396186,-3.408,-1.722,13.444599,13.900898,12.819149
57.5145513984,23.06893329012,0.662,-4.0,14.969084,15.494297,14.283636
57.53861272703,23.08861149515,1.926,-6.471,14.010935,14.644524,13.24184
57.42714761157,23.05274307643,5.807,-3.975,13.737009,14.169374,13.137971
57.41477781194,23.05509869419,4.204,-4.129,8.45444,9.690819,7.361518
57.44939284655,23.0974410965,-7.438,-9.174,13.870478,14.319114,13.246267
57.42142924739,23.10057245697,5.506,-2.321,13.911547,14.549294,13.145762
57.45957724723,23.12747296032,2.189,-32.027,14.375934,15.044453,13.584434
57.4793798361,23.12038265154,6.982,3.487,14.989977,15.403017,14.39395
57.66569008602,23.01790155288,1.906,0.174,14.413936,15.017116,13.666011
57.66775124515,23.02387376098,-0.032,-4.461,14.595201,15.027214,13.990945
57.68619526833,23.05664730662,6.244,-7.227,14.895521,15.391814,14.236981
57.65996358492,23.07235305543,2.959,-7.769,14.433379,15.101469,13.629801
57.70285823163,23.0833144204,2.081,0.092,14.846327,15.449322,14.098945
57.63413621318,23.0616793095,7.577,-8.874,14.735638,15.296573,14.027291
57.62277175451,23.10170775811,-4.566,-8.327,14.938075,15.382872,14.31601
57.64249161149,23.09092317981,-5.493,-12.39,12.310968,12.697433,11.749573
57.63906611604,23.09940377202,1.521,-6.552,13.895119,14.582149,13.090932
57.75027992213,23.14920949473,3.386,-6.607,14.233151,14.736418,13.569283
57.72512927502,23.15320230611,-0.642,-6.707,10.923901,10.370976,9.850871
57.72519166257,23.15335203042,3.779,-8.303,10.887871,10.365851,9.85075
57.7293338331,23.20376612714,-16.708,-21.534,14.213902,15.291992,13.184873
57.75031934841,23.21419610903,16.529,0.562,14.752192,15.010628,14.332479
57.73518465271,23.20837681997,6.609,-6.88,14.992559,15.427804,14.387883
57.58886377465,23.0961448079,19.608,-46.559,11.16862,11.595824,10.570457
57.58347642172,23.14721640407,-2.452,-14.123,13.416101,13.871394,12.785719
57.62590336587,23.17712876625,-0.906,-20.281,14.636794,15.1199,13.983597
57.55690795984,23.20059937869,-1.129,-5.409,13.729256,14.207656,13.074852
57.54164588647,23.20714204106,10.64,-7.766,13.319348,13.721106,12.733328
57.69520330351,23.19735216786,-0.207,-0.294,14.961434,15.545195,14.233617
57.65051469254,23.20813870291,-0.814,4.47,14.926306,15.637639,14.113433
57.65768232144,23.21346901507,-7.255,-5.32,13.693269,14.141681,13.077169
57.65516326712,23.21993715908,3.18,-2.864,12.747565,13.164992,12.15887
57.68194725069,23.24226819906,10.088,-28.61,12.807703,13.253569,12.202292
57.64549079865,23.24180232383,0.711,-4.942,13.861651,14.192282,13.358653
57.65113351236,23.2436842261,0.618,-5.076,12.786486,13.167012,12.235108
57.63744947046,23.25589286623,2.427,-0.701,13.003665,13.397501,12.437427
57.6828157177,23.28476634215,8.054,-7.67,14.875249,15.256722,14.314645
57.68176956728,23.29284806215,2.326,-8.334,11.296809,11.551816,10.874757
57.6229616469,23.27851237458,1.972,-4.62,14.021603,14.468806,13.399504
56.64392488759,22.6164539397,-0.573,0.667,13.510731,13.887198,12.960892
56.64320412646,22.62912242574,3.431,-4.914,14.507567,14.841483,14.001568
56.57284492453,22.62556828935,4.006,-1.805,14.108195,14.808457,13.300293
56.85808325448,22.62336088285,11.158,3.86,14.544894,14.987974,13.936048
56.85192679954,22.62299281773,-0.254,-8.643,14.887556,15.3044,14.298453
56.86845178533,22.63908068494,1.457,-6.873,13.222799,13.632618,12.641688
56.83832995899,22.66945895438,8.726,-11.144,13.55929,13.953934,12.999736
56.74217485368,22.68476289927,-0.888,-9.183,13.671743,14.092979,13.022424
56.70068911558,22.68429659619,-1.582,-2.398,14.625007,15.158164,13.934694
56.65632810108,22.70597730836,2.773,-0.941,14.170544,14.704841,13.48228
56.74355642566,22.71812508025,30.75,-13.641,11.632899,12.025814,11.065776
56.82871994557,22.75698658398,8.349,2.827,14.281964,14.643888,13.745991
56.73685011936,22.72206718731,1.328,2.465,14.780074,15.079816,14.198041
56.79601108052,22.77504232579,-6.894,-2.586,14.446236,14.826924,13.894602
56.59237331288,22.67229772036,7.267,-5.825,14.90839,15.302302,14.340476
56.53250667118,22.68258654254,25.112,-15.279,12.819002,13.192435,12.270375
56.4921642033,22.6885260805,16.136,-12.893,14.212721,14.670946,13.586985
56.50701509291,22.69145153024,52.009,-30.418,13.466498,13.999899,12.779873
56.52893759103,22.73516271645,18.489,-19.35,14.680064,15.23563,13.973979
56.26450036126,22.68231362169,2.452,-1.193,14.630963,15.136693,13.963592
56.29020972717,22.70341076215,0.886,0.238,14.506261,15.213713,13.679892
56.35539017516,22.70855778788,30.888,-14.883,13.761068,14.445148,12.965186
56.31422002549,22.69540983824,11.872,-17.832,11.680569,12.489313,10.796521
56.44622894012,22.68997238796,8.611,-4.726,14.567192,15.049377,13.918167
56.42165898639,22.68925327324,14.237,-20.566,11.839113,12.382755,11.140518
56.41633572295,22.69426514986,19.83,-44.158,7.800061,7.878221,7.626637
56.59863676472,22.71982922149,34.52,-60.827,14.480618,15.388525,13.537063
56.63295723827,22.73760933226,38.945,-113.164,11.556896,12.113972,10.845184
56.61141519671,22.79410207005,-3.672,-6.233,13.189121,13.546473,12.658471
56.57504753098,22.79421442888,7.763,-4.895,12.999746,13.371402,12.458882
56.69737069675,22.78913044001,9.505,-2.64,14.363048,14.933169,13.644812
56.69832470718,22.80221760206,2.094,0.417,14.119658,14.658715,13.427127
56.75138961371,22.85449918029,3.384,-6.221,14.895189,15.265953,14.348386
56.65566982594,22.80213718885,2.786,-1.257,14.631442,14.988123,14.096957
56.66294896266,22.83726963317,1.81,-7.48,14.361003,14.896458,13.67161
56.61534039155,22.84369101939,1.779,-7.698,14.01298,14.412437,13.44414
56.72201785398,22.88074839356,18.983,-41.601,11.554062,12.001611,10.945664
56.71401567322,22.8834055546,3.77,-4.753,13.639154,14.019629,13.054141
56.65452354426,22.87282748362,5.186,-9.415,13.243611,13.619194,12.70051
56.53165969382,22.79658896821,24.112,-20.173,13.896169,14.427546,13.213702
56.52288906944,22.82598589225,13.774,-8.363,14.607886,15.292222,13.811626
56.43502122966,22.83871834243,7.578,-0.233,11.47386,12.169557,10.664969
56.47924942217,22.85378741493,13.91,-6.456,14.384334,14.843096,13.748401
56.53853345589,22.86116934365,1.274,-6.242,13.03172,13.437851,12.451728
56.49261776951,22.88581599234,3.435,-4.263,14.663622,15.036016,14.116536
56.58614711992,22.87446113083,19.034,-19.445,14.478031,15.009157,13.789041
56.5869286104,22.8872751847,-1.327,0.259,11.570127,12.160215,10.834462
56.66006365314,22.91958420692,19.924,-43.549,9.306278,9.554723,8.897336
56.62575096004,22.89426095055,7.098,4.131,14.552039,14.833487,14.017444
56.63273933952,22.90072311518,1.653,-12.475,13.375187,13.763876,12.818649
56.63819014959,22.92115655872,1.929,-1.521,12.114112,12.725029,11.365767
56.64507578819,22.93528104262,19.451,-45.279,14.011793,14.998876,13.023469
56.63128718995,22.95460619367,2.109,1.073,14.490258,14.787641,14.027797
56.57273327696,22.95927352466,19.271,-16.125,12.379183,13.100862,11.558321
56.5933830008,22.98164481506,6.761,-1.844,14.280049,14.643189,13.744138
56.13319604878,22.72291338776,-1.16,1.869,13.113073,13.33854,12.735102
56.14047917507,22.72773709061,-0.661,-8.384,14.178089,14.680924,13.512347
56.1734637079,22.72168672398,5.847,-3.98,14.488521,15.060642,13.771655
56.14976284838,22.72623393024,-2.646,-2.268,13.99492,14.39248,13.418938
56.06897484032,22.7767217146,13.31,1.849,11.76228,12.175962,11.158963
56.05220279008,22.81020243832,-14.181,17.129,13.165504,13.697754,12.480882
56.04232564234,22.81337858236,26.285,-6.046,13.113201,13.591332,12.464505
55.94663351195,22.85461692401,-2.632,4.908,14.263104,14.762086,13.597314
55.99117422838,22.8647464088,9.904,5.461,14.539317,15.08027,13.841197
55.99372184072,22.88279428364,-6.178,-5.902,12.283519,12.639977,11.751111
56.00218875688,22.89745312578,-3.779,1.343,11.974569,12.352506,11.420013
55.85044007453,22.87303078074,-4.998,-15.486,13.970757,14.769956,13.096005
55.9008000436,22.84034202044,-2.278,-3.151,14.911575,15.307367,14.338326
55.91880391129,22.90084526408,4.286,-5.73,13.783829,14.307716,13.062999
55.93060837031,22.91060040716,2.144,-2.545,14.602972,15.009398,14.022891
55.8732110898,22.8966347613,7.588,-4.645,14.869735,15.284904,14.280181
55.87321518547,22.91448917086,29.219,-13.954,14.595894,15.10054,13.927384
55.90921709786,22.93026595325,-0.324,-0.992,14.802128,15.289172,14.145939
56.24542012723,22.69892377386,-0.701,-3.185,13.532194,13.983119,12.906408
56.25592356675,22.72227108213,4.476,3.647,10.047335,10.61068,9.291327
56.25666980558,22.7222957134,3.417,4.242,9.546719,10.20658,8.743607
56.24321793969,22.75409302633,-4.639,-10.938,12.751889,13.178252,12.131878
56.25231435804,22.76685471435,-1.149,-5.16,14.298868,14.78651,13.642485
56.23589974221,22.79293513565,-6.527,-19.794,14.221906,14.738124,13.542987
56.23011521949,22.80919977574,0.859,-0.346,13.949746,14.589386,13.177532
56.39738556067,22.82451636862,2.885,-10.419,14.166493,14.675223,13.466951
56.38006792298,22.84921418288,46.756,-19.939,12.094775,12.523388,11.489083
56.28507607214,22.80392530341,34.607,-52.339,12.356294,12.900993,11.662883
56.36933218851,22.86078809673,3.347,-1.172,14.909193,15.395312,14.247732
56.1477900481,22.78705602879,-0.69,-6.631,14.307079,14.821265,13.636002
56.14460828551,22.81034359865,1.381,-6.828,14.943775,15.449114,14.271872
56.13448077228,22.84863255267,2.603,1.625,14.782242,15.392245,14.026111
56.25749389406,22.89138019614,4.303,-2.525,14.905797,15.59077,14.112049
56.28783540554,22.89848944901,4.634,-4.377,14.813903,15.207976,14.249677
56.32671775306,22.91073201853,-4.116,-5.29,14.937933,15.448013,14.26468
56.31424917723,22.91764241218,-0.864,-2.794,14.692091,15.094586,14.112526
56.41657877671,22.85008180175,-2.103,-5.444,14.102932,14.600553,13.440328
56.3922993973,22.91691489015,-1.255,-2.178,10.998305,11.708997,10.177331
56.45484489462,22.95577268235,3.462,-10.344,14.910675,15.387328,14.27151
56.41075245672,22.94224401324,18.644,-10.365,10.155368,10.464324,9.681918
56.53640086705,22.9490284982,7.838,-16.301,14.988725,15.823152,14.089975
56.48278749378,22.955721834,1.551,-0.028,14.938209,15.566881,14.172914
56.52050811592,22.96744574652,6.873,-7.434,14.809191,15.21482,14.233927
56.52195568293,22.98141924341,20.514,-47.91,13.413954,14.269874,12.502337
56.58580533498,22.98301400454,-0.371,-9.15,13.334288,13.699692,12.60311
56.58296476825,23.00961592141,6.278,-9.525,12.763569,13.117106,12.237989
56.53520805673,22.97762836153,1.315,-19.715,10.665344,10.986126,10.175478
56.56102156046,23.01608667369,2.543,-1.911,14.892077,15.235941,14.376671
56.49820308838,22.99067420498,7.32,-6.861,13.819861,14.140382,13.330074
56.52640688965,23.0216640277,0.865,-0.743,14.975605,15.384176,14.39041
56.49732930783,23.0298721208,-0.865,-0.677,13.175444,13.815472,12.406757
56.35689197559,22.95912773413,6.137,-1.374,14.417815,14.943565,13.728644
56.29805004391,22.95284787808,-13.908,-6.815,10.761651,11.112528,10.239698
56.31838909227,22.96256281969,-3.987,-8.173,12.527254,12.845872,12.041005
56.38325426356,22.97089041827,14.152,-33.507,14.678096,15.238849,13.96052
56.45052688219,23.03455525518,44.34,-32.253,13.479476,14.398255,12.527413
56.40445772603,23.050941971,2.366,-10.388,12.048109,12.595709,11.28687
56.44484546954,23.05481383043,-6.65,-13.142,14.815416,15.212359,14.240229
56.41318074011,23.05827451126,13.587,6.679,12.432694,12.739754,11.957167
56.36004102604,23.08187747353,-0.388,-1.868,14.881125,15.502092,14.122618
56.39718094409,23.09546802146,6.849,-12.486,12.272154,12.672853,11.696389
56.44918986143,23.1313954471,4.279,-14.643,14.783798,15.327884,14.091627
56.10701327267,22.90979907598,-0.371,-0.951,14.429402,15.280586,13.522474
56.15749648469,22.92084569104,20.301,-41.244,14.602414,15.855714,13.487362
56.0114861322,22.95959031735,-1.049,-0.758,14.739775,15.227089,14.078602
55.95699717418,22.9642386853,25.208,-14.19,14.115485,14.652172,13.4234
56.03333368428,23.01837399747,0.52,-9.034,14.991753,15.538251,14.276726
55.96690586562,22.99534575663,4.059,-9.76,14.90935,15.488857,14.180715
55.94173080628,23.01013251985,8.426,-7.02,12.548312,12.942759,11.977433
56.00555829523,23.02559690663,3.005,-5.626,14.618091,15.179413,13.898372
56.00446863233,23.04652867862,0.176,-7.498,14.519871,14.981123,13.882941
56.12097553338,23.04572292831,1.553,-2.577,14.719985,15.408503,13.915765
56.03146970952,23.055053526,-1.57,-4.738,14.708125,15.217571,14.025372
56.03679639519,23.07970589559,21.634,-45.152,14.497981,15.656166,13.432903
56.06874829216,23.13629728144,16.086,-7.732,12.867655,13.281691,12.012182
56.29851297393,23.07743669293,-3.216,-0.098,10.885021,11.644849,10.035918
56.22511558867,23.06495054945,0.734,-15.696,14.894249,15.736049,13.980679
56.20276696309,23.10331989226,4.816,-4.533,13.963724,14.381854,13.367066
56.3621037917,23.11469791705,-18.307,-6.603,11.850533,12.360465,11.16097
56.2994174234,23.11468275799,-7.482,-36.171,14.418062,15.087895,13.62808
56.30857186832,23.12255447582,71.228,-79.908,9.604366,9.957271,9.082873
56.28275997748,23.17837137894,5.866,-4.081,14.552751,15.145376,13.814945
56.34273310399,23.16866313369,-1.23,-2.852,14.664143,15.131039,14.028447
56.32732221767,23.16713094022,3.879,0.889,14.42711,14.832656,13.827211
56.35409464215,23.1922920259,-54.375,-48.614,10.457687,10.905817,9.851711
56.34306892953,23.20461816527,-55.647,-52.674,8.321405,8.640344,7.833584
56.1055241923,23.13802550942,-25.748,-29.839,14.994034,15.737824,14.127383
56.12878721258,23.15522190321,11.705,-11.66,14.999812,15.569221,14.269835
56.24777867464,23.1648119492,3.203,-5.563,14.164261,14.581293,13.566252
56.31044027318,23.24788455638,13.756,5.166,14.893357,15.38592,14.232928
56.20744335974,23.25500870532,26.343,-8.172,13.296389,13.863793,12.575651
56.21358052689,23.26872443224,20.546,-44.3,8.886077,9.084315,8.53639
56.96579433477,22.71641036106,-0.166,-0.672,14.748801,15.111014,14.207094
56.9421502818,22.71357048883,2.068,1.28,14.18351,14.423815,13.499477
57.01717493454,22.73753944509,-1.374,-4.918,13.513008,13.896805,12.919234
56.97567395757,22.75791422275,-2.172,-6.27,14.920614,15.301306,14.36668
56.94639453881,22.75589046014,1.338,-0.956,13.8861,14.572476,13.086196
56.88882544821,22.76122977193,6.589,-15.315,11.795283,12.174897,11.244864
56.96756132104,22.76668998114,8.42,-9.442,12.773753,13.264662,12.109744
56.96335589813,22.77594815286,-2.283,-4.569,14.352328,14.719018,13.810307
56.95977521085,22.77981636262,7.498,-9.653,14.931191,15.362613,14.330395
57.09938171812,22.84711655339,5.286,-11.574,14.921719,15.433969,14.25246
57.00196815434,22.80652364206,5.805,-0.157,10.563594,10.828132,10.134543
57.05715441184,22.85875257902,11.064,2.401,14.536821,14.989474,13.912426
57.01789019205,22.85549428281,1.215,-3.419,12.619991,13.293735,11.8325
56.87081894141,22.80274079566,-6.774,0.545,12.894168,13.417824,12.214904
56.90528734765,22.82064099508,4.235,-12.049,10.662693,11.322754,9.88211
56.93800508133,22.828838105,-17.275,4.443,12.329817,12.664658,11.820676
56.81004690246,22.8054652371,10.0,0.061,14.104545,14.53141,13.507278
56.85051767266,22.88649986766,9.364,-7.819,12.156501,12.395571,11.762964
56.84686157497,22.89453434621,5.547,-6.128,14.891272,15.280442,14.317997
56.95117718008,22.84886618109,-2.97,-27.38,11.665402,11.895635,10.982785
56.95090823248,22.84903156675,,,13.384081,,
56.94060573903,22.84689869182,8.913,-2.486,14.492901,15.071486,13.773674
56.9562068704,22.87167982192,2.688,-4.907,14.441163,14.815305,13.8922
56.92226778594,22.8817040679,5.114,-1.995,13.212842,13.826963,12.462623
56.89475568537,22.89945074603,2.622,0.213,14.873987,15.199204,14.381825
56.92087179037,22.92978907694,21.143,-41.258,11.886297,12.508799,11.100063
56.9004518047,22.9246634149,4.475,-3.892,13.329831,13.717354,12.774048
56.968881299,22.94408220861,7.181,-15.497,13.261049,13.679876,12.675339
56.92083446517,22.94505718839,8.05,7.123,11.775968,12.123759,11.255748
56.9167889967,22.95848992141,1.224,-3.483,14.686276,14.979345,14.215736
57.1495255801,22.88111771243,0.056,-0.763,13.547127,14.211267,12.762287
57.16482258189,22.91710318355,4.294,-8.546,14.195976,14.645776,13.583337
57.15549001946,22.93643023635,-6.44,-8.017,14.758204,15.164407,14.151244
57.06523155816,22.89734966492,0.835,-2.643,14.782155,15.219127,14.177271
57.14054119679,22.95536790923,8.587,-12.793,14.018791,14.676213,13.235468
57.18303283775,22.96038439768,5.383,5.608,12.667243,12.89676,12.289605
57.25428791296,22.98021186954,19.783,-45.893,14.505948,15.656511,13.439648
57.28159790403,23.01167574254,4.552,-3.159,14.744361,15.07706,14.146613
57.18287806109,22.98354893827,2.881,-0.706,13.344863,13.950652,12.603263
57.05275581351,22.93139575907,-6.683,-0.59,11.669403,11.995958,11.174486
57.01443373285,22.94192608592,4.903,-11.956,12.146648,12.481439,11.642666
57.11201051149,22.99209622245,-0.856,-0.641,13.746397,14.334666,13.01785
57.00881344988,23.00152973244,0.483,-1.278,12.915504,13.202532,12.464186
57.0212389761,23.00741241312,8.333,-5.98,12.368948,12.679569,11.889827
56.99269691652,22.99633758179,-5.817,-22.292,14.345387,14.885374,13.660114
57.04246546377,23.0009649786,16.114,-38.177,13.922133,14.78022,13.009661
57.14319345751,23.0231655803,2.376,0.688,12.282201,12.863872,11.555932
57.14595168288,23.04792958895,27.289,-14.024,12.973974,13.468089,12.322056
57.10405772083,23.03158105742,2.341,0.076,12.790136,13.022717,12.408454
57.14412398628,23.05636699188,-1.079,-2.819,14.079125,14.570221,13.429493
57.15993556059,23.04650491583,1.741,-8.191,14.510247,14.984837,13.872368
57.09694714108,23.12145920731,4.623,-5.914,14.562273,14.932012,14.022677
57.10490872564,23.13006562755,93.613,-36.165,14.407032,15.786028,13.255998
56.78033141523,22.87333013749,-28.833,-0.786,13.679744,14.384143,12.86909
56.84551303332,22.92190886968,20.176,-44.641,8.124376,8.238318,7.899513
56.81746868989,22.9244394875,4.037,-17.998,11.007979,11.57989,10.292438
56.73842806525,22.88916944833,3.095,-5.381,14.078826,14.67829,13.34377
56.7497397442,22.90963136952,21.549,-18.883,14.962262,15.496078,14.275573
56.69618219835,22.91437971648,18.758,-45.002,10.343078,10.67296,9.844388
56.85136123733,22.97868580875,2.163,-8.022,13.840216,14.167585,13.340141
56.9307553708,23.00869861896,-10.385,-9.835,14.398853,14.9336,13.707565
56.89545767288,23.00333320234,3.093,-12.151,13.974881,14.375335,13.410593
56.90666285924,23.02047677337,18.946,-3.654,12.829885,13.268625,12.227558
56.79742825535,22.98966132874,-6.082,-3.721,14.508945,15.168795,13.726845
56.82999199484,23.0128593642,0.5,-0.076,14.381435,14.954271,13.660548
56.89359185966,23.02179093853,2.924,-8.298,14.866513,15.361842,14.208537
56.90494201483,23.03390458322,-2.74,-14.253,12.993052,13.35259,12.465535
56.89955751915,23.03955646534,4.146,-3.108,14.975656,15.346066,14.423942
56.76479364276,23.01457369748,10.603,-8.538,14.727798,15.129304,14.154315
56.77334417278,23.02980266358,3.917,-4.336,14.951566,15.378436,14.347248
56.78163573571,23.06469183704,7.115,-10.649,13.939954,14.329829,13.374469
56.70240918732,23.08012744544,-3.652,-1.457,13.7644,14.098138,13.259143
56.71086176256,23.08259591155,1.423,-3.867,12.925277,13.645756,12.101083
56.73899893964,23.09353238295,10.192,5.559,12.766482,13.308644,12.072168
56.96715162305,23.01706468088,1.228,1.033,14.421068,14.894646,13.781826
56.98015951934,23.02456643689,-8.639,-22.872,13.769507,14.488196,12.946727
56.94702901274,23.0564254764,-26.184,-15.359,11.999295,12.486948,11.346885
56.98192024571,23.05342313344,3.51,-6.284,14.574626,15.027383,13.963285
56.88991283484,23.08625693098,8.96,-8.527,13.775013,14.158284,13.219173
56.89995318532,23.08513474462,8.463,-19.168,14.060249,14.610543,13.361629
56.92010581401,23.11283514908,-2.801,-3.503,12.559003,12.80498,12.161394
57.0375286916,23.13226879246,3.921,-0.777,13.744706,14.153545,13.166487
57.05971496958,23.17076364662,-0.039,-3.789,13.879948,14.205057,13.382711
57.0875402726,23.15997594427,-0.229,-0.134,14.494877,15.136889,13.724499
57.02291231734,23.18083786975,0.028,0.61,14.473573,14.727458,13.381044
57.0210903496,23.21758924905,0.429,-1.4,14.128487,14.504045,13.564876
56.84283651448,23.17263060332,1.054,-4.633,14.571305,15.044904,13.9396
56.98402732404,23.19193337346,6.034,-10.036,8.851566,9.796937,7.899643
56.9859819088,23.19660836348,,,13.542294,13.519646,12.298934
56.97325423148,23.21357046799,1.719,-4.365,13.820354,14.213568,13.25564
56.95058643018,23.2178837759,20.054,-45.848,10.945833,11.33603,10.391233
56.9835104949,23.26651366922,-4.055,-12.322,14.404199,14.947927,13.701633
57.31107057961,23.05000441006,0.426,-5.804,14.353754,14.782555,13.756405
57.25989963562,23.09432323455,-1.076,3.06,14.743015,15.248984,14.071847
57.28536958527,23.10647061698,7.888,-17.271,13.516008,14.082519,12.795097
57.29429950172,23.12982829381,12.264,-41.813,13.968702,14.572372,13.229077
57.38533972727,23.11301638707,-1.584,-10.179,14.495156,15.002945,13.80873
57.3586390439,23.1137835771,8.775,-7.327,12.493603,12.882274,11.937008
57.41922043194,23.14548075693,13.826,-42.307,14.698137,15.148916,14.069204
57.35471312651,23.15307220711,1.532,-0.444,13.128596,13.726577,12.386081
57.39634310824,23.22316478086,-1.911,-15.992,14.028397,14.458855,13.424493
57.39798535035,23.22699711215,-3.543,0.717,14.374579,14.796771,13.782049
57.18333729082,23.13909741071,0.285,-0.482,13.722474,14.380247,12.942005
57.24380099865,23.20099631153,22.18,-41.072,11.324861,11.782931,10.702197
57.18040532908,23.19019462777,-6.438,-5.697,13.21317,13.626353,12.623603
57.18453284619,23.19362970236,-1.766,-2.854,13.782237,14.182537,13.208653
57.30137654976,23.22814047452,19.729,-46.045,13.63343,14.518898,12.701284
57.36355905985,23.22983510011,-1.559,-0.21,13.760182,14.109641,13.23299
57.32589143344,23.22486619103,-7.222,-2.782,14.871339,15.342834,14.230638
57.33091593674,23.25592841787,-12.98,-1.124,14.034884,14.437948,13.453736
57.25981898023,23.25223911266,19.731,-44.428,11.473286,11.914596,10.86683
57.24867322768,23.24832615143,-6.891,-14.615,14.540757,15.211059,13.754311
57.31372951699,23.26128128248,-5.99,-8.837,14.534106,14.958411,13.940973
57.29459114523,23.26716245861,-4.815,-2.124,8.387087,9.381275,7.409191
57.28684554478,23.26777341641,3.836,-7.583,13.483664,13.731743,13.082339
57.47388333191,23.18317753005,-0.602,-12.627,12.962012,13.370529,12.380266
57.48454517932,23.19130495991,2.56,-4.484,13.713621,14.116129,13.136395
57.48670189105,23.20058126534,6.854,-5.85,14.93122,15.373832,14.312246
57.48239241124,23.20529409603,,,14.809849,15.1105,13.868441
57.48549182751,23.21843142395,18.921,-43.201,10.138832,10.44442,9.66561
57.51106395196,23.28892963337,2.065,-7.256,14.800442,15.363282,14.07648
57.55215397773,23.29095893674,6.251,-2.955,13.043187,13.749083,12.225204
57.6065134795,23.29664160645,-2.401,0.957,14.814873,15.284765,14.175892
57.63192565063,23.30683966109,12.427,-9.71,13.07511,13.603611,12.392494
57.60184975319,23.31038102579,20.38,-13.516,12.68644,13.191918,12.009395
57.62097299887,23.33649682545,8.638,-9.594,14.216124,14.644246,13.611487
57.55356378901,23.31090871107,50.551,-35.774,14.742592,15.619144,13.808375
57.518968959,23.32505272467,16.208,-14.847,13.59059,14.113915,12.905103
57.43179504276,23.27340704711,0.038,3.86,11.732595,11.974239,11.323173
57.4305782554,23.28210712004,0.453,-3.487,14.684835,15.148619,14.052474
57.42564544462,23.28364804032,4.41,-9.749,14.795409,15.256623,14.161847
57.41426344138,23.28990844525,18.622,-44.545,10.937686,11.320791,10.378372
57.37927820016,23.27885959853,22.204,-30.711,12.686754,13.142215,12.064585
57.4206047634,23.34136964836,18.733,-45.133,8.094326,8.184235,7.911143
57.38072643911,23.31796799568,-8.156,-1.287,14.917778,15.355677,14.305132
57.32705177678,23.30024015356,-1.706,-2.175,13.060339,13.45313,12.488696
57.32657001715,23.30092259908,-1.831,-2.301,14.834185,15.417056,14.030972
57.31708367233,23.3088154548,12.345,-5.797,14.018573,14.425075,13.442843
57.32943356299,23.31620677586,1.925,-11.229,14.545646,14.845596,14.073409
57.3807900245,23.3701384816,-5.4,-16.188,14.332834,14.742492,13.746265
57.38645295572,23.38020424005,20.346,-44.301,9.034874,9.25158,8.664315
57.52030509523,23.39417368061,3.512,-2.322,14.949414,15.303052,14.412511
57.50005102943,23.41664314371,8.449,5.372,12.560024,13.081596,11.882166
57.54259437659,23.42076479121,13.654,-13.17,14.59341,14.989849,14.019278
57.52617345291,23.4371812976,4.492,1.546,13.9982,14.372285,13.453592
57.18186880313,23.23081152732,-0.624,0.171,14.270178,14.781188,13.599195
57.18299036631,23.25961502031,19.294,-44.885,8.33693,8.461256,8.076609
57.09478047015,23.21776188256,-2.981,-4.587,14.141822,14.647287,13.469108
57.09312224364,23.26790622852,16.288,3.151,13.125063,13.593896,12.485145
57.13095364938,23.25569180499,6.915,1.103,14.766521,15.053323,13.218423
57.10130822632,23.26261726307,-0.214,-3.158,14.319601,14.998862,13.523381
57.11688600086,23.30055677555,20.399,-45.458,12.242328,12.824065,11.504954
57.26724817157,23.31812079189,8.618,2.138,14.647901,15.07049,14.048567
57.26748769004,23.33480438735,3.03,-7.651,12.747237,13.091638,12.235982
57.16572892771,23.29941063873,2.044,-7.548,11.969555,12.286464,11.484415
57.2081085037,23.31367760865,0.277,-1.198,14.768439,15.359007,14.035395
57.15910168857,23.31904164451,-0.1,-11.897,12.633019,13.039758,12.057735
57.18936995061,23.33871256339,18.983,-45.764,12.882789,13.580464,12.075048
57.22455279489,23.33172271624,7.291,-13.116,13.84843,14.380583,13.154107
57.22078650139,23.36588206764,7.218,7.575,14.591276,15.06349,13.952789
57.05647650993,23.2522445209,-12.634,-11.468,14.123962,14.768021,13.302121
57.05532818635,23.25268657574,-12.507,-11.38,11.8774,12.228073,11.35933
56.95473693225,23.31838120238,-1.057,-3.213,14.42542,14.85792,13.821656
57.0611458669,23.35274891855,4.226,-3.181,13.667441,14.244675,12.940499
57.05336908347,23.3590709683,0.69,-1.514,13.929752,14.50457,13.208166
57.02650448641,23.36066271524,12.875,-3.157,14.56908,14.96557,13.998182
57.00854867716,23.35668389207,-0.287,-5.986,14.659938,15.076545,14.071452
57.08683198761,23.42103946373,19.695,-47.113,5.428299,5.393529,5.460636
57.14388698332,23.43459098862,19.372,-45.078,10.21041,10.523789,9.733897
57.31931167109,23.34496627415,9.402,-6.562,14.334524,14.739924,13.760592
57.28985968465,23.37613224197,-0.563,-1.215,13.808857,14.45526,13.032435
57.3673131138,23.40421293819,-8.682,-12.048,14.814028,15.46476,14.030541
57.32373773446,23.40523020943,18.57,8.718,14.539875,15.079052,13.840052
57.30048773557,23.40842585386,-25.765,24.179,9.358409,9.608728,8.945058
57.29975857182,23.45325658791,15.582,-12.494,13.714428,14.120159,13.116711
57.41418476695,23.44994864379,3.797,-12.665,13.596901,13.968358,13.048799
57.39555500671,23.454458189,20.77,-48.462,13.602488,14.481096,12.590535
57.40007299715,23.4694226987,-1.857,-8.112,13.305363,13.619685,12.819037
57.45084959804,23.47110282531,-2.52,-11.541,14.797357,15.187037,14.23588
57.46441310587,23.47913201029,-0.368,-4.711,14.236729,14.664956,13.64472
57.40353243782,23.48530641783,47.06,-19.036,12.724861,13.144102,12.132162
57.35073731218,23.47703359382,7.443,-8.951,12.245974,12.890123,11.478444
57.23615166958,23.45329338627,9.01,-7.343,13.842355,14.272583,13.240342
57.19968084669,23.42440329059,-3.248,-4.022,12.78776,13.122741,12.281975
57.19037560421,23.45528188708,-1.376,-5.13,14.712985,15.225597,14.043866
57.20601862941,23.47897096926,2.768,-4.007,14.517468,14.857182,14.009491
57.17193818923,23.48459639745,0.187,-9.976,14.044793,14.434898,13.48342
57.20994565523,23.49801030887,-0.296,1.581,13.995585,14.349597,13.453141
57.19100190679,23.52549269555,-0.404,-6.803,8.135022,9.963548,6.853288
57.30213951963,23.49081422828,-2.058,-2.153,13.870605,14.221719,13.345234
57.29451328512,23.52984175896,4.034,-1.352,11.098926,11.735229,10.334647
57.27737909773,23.52815915555,3.484,-6.701,14.690094,15.171261,14.044568
57.29710087344,23.55502767463,17.707,-44.392,13.676093,14.519292,12.668716
57.26927798015,23.577943065,6.905,-8.248,14.386093,14.818811,13.781312
57.24132373028,23.58337947155,3.6,0.775,14.62362,15.021825,14.053187
57.28882699402,23.57741302572,-3.415,-6.146,13.509772,13.866928,12.982394
57.33324969712,23.59475793466,2.005,-0.885,12.108286,12.719757,11.360353
57.30205866313,23.60252145953,42.333,-30.731,14.931669,15.844214,13.986356
57.29091940166,23.61275769081,-1.976,5.838,10.724575,10.971017,10.323178
57.30799870549,23.63040936733,0.229,-7.689,14.413696,14.791661,13.85887
56.61988793047,23.01588594015,0.694,-0.558,14.047529,14.42371,13.492438
56.64432569333,23.07050280632,-1.235,-7.684,14.745899,14.87484,13.80672
56.61615275108,23.08483353326,1.359,0.442,14.470668,14.984421,13.795175
56.57475891299,23.09052316598,27.547,-13.611,13.735279,14.179391,13.122028
56.61935169908,23.10888287601,4.594,-5.348,13.431164,13.843187,12.844391
56.5719518632,23.11260463475,5.825,-5.705,13.996193,14.366447,13.455048
56.68934034202,23.09174181276,9.801,-9.523,13.41873,13.884498,12.788482
56.68171598721,23.0953028401,-2.992,-1.291,14.264745,14.613816,13.742192
56.66674719151,23.11012408117,19.263,-46.762,9.295629,9.536065,8.894408
56.69404106623,23.13351344567,-9.904,-1.921,13.899908,14.532628,13.144042
56.69277434968,23.15141569148,-45.382,-87.243,11.201218,11.75261,10.504643
56.75626071058,23.13695891552,31.517,-13.605,13.224546,13.611203,12.662248
56.64323762618,23.13008702169,12.119,-5.899,13.680228,14.160892,13.040192
56.64052747596,23.16879161619,3.066,-5.428,14.672437,15.054482,14.11498
56.70046265469,23.17485171015,4.271,-3.477,14.876465,15.414539,14.181324
56.71749654184,23.21051985187,0.222,-6.194,9.613682,10.217766,8.868289
56.68558658025,23.22247169256,-2.652,-3.955,14.658634,15.095554,14.044714
56.51669519535,23.11020656422,1.747,-1.338,12.837914,13.40142,12.123469
56.49219836564,23.12304200007,9.885,-3.135,14.533051,14.933378,13.952508
56.52939780113,23.13400359776,0.759,0.03,10.765939,11.724072,9.805795
56.55297221508,23.12831779769,21.442,-49.601,8.549534,8.839788,8.08927
56.57704199875,23.13509473419,2.158,0.309,14.506051,15.141045,13.738446
56.54107277148,23.13591293569,0.168,-13.818,13.20605,13.56595,12.668798
56.55353141884,23.17081542315,18.489,-8.974,14.565093,15.082375,13.889571
56.56520100829,23.18822424723,26.071,-7.693,14.685555,15.489127,13.75834
56.47596579393,23.14279880914,-3.659,-28.531,12.718974,13.130259,12.136749
56.45349543712,23.14694333292,20.514,-45.7,6.895188,6.892908,6.86834
56.45303174952,23.14785080337,19.029,-45.463,10.126517,,
56.46611120147,23.17774102858,9.206,-3.717,14.955353,15.686201,14.128623
56.52510189515,23.2189795227,3.344,-9.786,9.427372,10.188244,8.57976
56.62478163212,23.18336692521,4.69,-33.214,11.341843,11.756091,10.766974
56.55099228194,23.20807518742,9.14,-48.09,12.987883,13.54161,12.288821
56.56802834083,23.20744795291,-0.276,-6.674,14.566614,14.919563,14.040379
56.54645103998,23.25390339258,-11.925,-9.989,13.902602,14.717366,13.022877
56.61617877684,23.28706414266,6.533,-8.478,14.234433,14.887439,13.460161
56.59541070661,23.28168000365,15.023,5.147,14.505514,15.06778,13.793322
56.7807273225,23.15940139866,-0.463,-0.241,14.281437,14.915291,13.517602
56.74829187208,23.20047875179,1.702,-7.079,14.169392,14.593511,13.510436
56.78069149429,23.22615674412,19.295,-45.439,13.143335,13.889277,12.292398
56.81860935982,23.25213513424,-0.857,-6.713,13.27292,13.663538,12.707537
56.71065598956,23.23899995196,18.082,-40.43,9.784797,10.069503,9.329901
56.73798824228,23.25047049143,20.416,-46.055,14.486368,15.633691,13.421676
56.81007948614,23.27171669503,-2.123,-1.744,14.98911,15.363008,14.430754
56.75544169094,23.26903989224,2.757,-9.034,13.468833,13.830011,12.931322
56.89909813291,23.28532873233,20.416,-3.548,12.722579,13.14057,12.134664
56.86938769326,23.27359212214,12.857,1.401,14.70027,15.194375,14.016134
56.88284781264,23.30799875973,-1.299,-2.353,14.687963,15.129578,14.078678
56.88577944493,23.32698967478,8.605,-2.903,14.54679,15.030733,13.885777
56.82873981509,23.31304118932,1.593,-9.499,12.190318,12.878498,11.39222
56.82894158845,23.33924677486,154.151,-96.749,13.486581,14.758322,12.366062
56.72447985754,23.27529897439,6.618,-8.824,14.682626,15.217386,13.989329
56.73485715017,23.30892307419,12.495,7.729,12.894342,13.537846,12.116093
56.75461900981,23.31655549776,-0.785,-41.208,14.612716,15.501289,13.653341
56.73836362792,23.35138958181,4.214,-0.882,13.093258,13.811396,12.268806
56.63706230536,23.30513098618,20.539,-45.045,14.018696,15.027586,13.016451
56.67533130994,23.34160287791,-3.114,3.614,13.507189,13.929561,12.905382
56.8130588231,23.3538169014,6.068,-1.157,14.562265,15.091159,13.876772
56.78471273047,23.35697163445,16.32,6.584,14.378705,14.895856,13.698597
56.73887675951,23.35996485521,4.228,-7.913,14.39653,14.81534,13.802747
56.77254289607,23.43503083445,-2.342,-5.377,13.43908,13.873042,12.825522
56.4276830506,23.20184705247,-4.018,-3.252,13.798903,14.221378,13.205501
56.4085161292,23.24065443423,1.288,-0.27,14.277677,14.912236,13.509685
56.37714921969,23.24480391358,12.555,-20.128,14.534282,15.082565,13.831242
56.36420474232,23.25716900748,1.969,-7.675,12.308112,12.99644,11.500597
56.38603212362,23.26788548256,14.504,-6.404,13.04985,13.604774,12.3385
56.51647681531,23.30860105441,-6.344,-17.932,12.562107,13.296687,11.725743
56.54014188455,23.30302187131,7.114,-8.427,13.306674,13.941301,12.535409
56.52875937186,23.3230510433,-13.843,-12.117,14.260023,15.027612,13.391689
56.54194518315,23.33979118006,21.082,-49.851,9.99517,10.30975,9.513999
56.54929212138,23.35044467063,21.941,-13.727,13.705958,14.261786,12.995315
56.44424887441,23.3187120089,3.515,-8.428,14.649082,15.09456,14.023891
56.50760208365,23.32852700032,-12.988,-71.788,13.743738,14.639727,12.80925
56.53493394536,23.3473212123,19.543,-45.247,13.21777,13.992208,12.351245
56.40867922128,23.31320013371,36.523,-26.779,14.512671,14.974929,13.869025
56.30297704522,23.29625400646,11.665,-3.58,12.086262,12.506701,11.48493
56.32927687791,23.34480687913,7.054,-5.614,13.839713,14.402841,13.040462
56.45772739329,23.3486667208,2.388,-2.038,12.840154,13.556614,12.019885
56.39327409946,23.35598431256,0.864,-10.319,13.33095,13.794464,12.580029
56.46507247589,23.43177356856,,,12.127251,12.201918,10.994952
56.36760362108,23.39875621646,43.859,-18.099,12.279651,12.686597,11.699907
56.37457858655,23.42881284689,9.082,-10.655,14.572266,14.444111,13.141056
56.39630513218,23.44292178211,0.347,-5.853,14.540077,15.023792,13.87825
56.60060678452,23.32341473939,-2.556,0.484,9.950315,10.65126,9.136126
56.59264149825,23.34795975315,-4.407,-8.79,13.560714,14.242064,12.758593
56.61507267285,23.37522990941,-0.141,3.865,13.260737,13.672314,12.454402
56.61909777472,23.38004174081,10.615,-6.542,13.100137,13.707301,12.352517
56.64730542253,23.4115310618,20.297,-44.831,14.081177,15.108032,13.074501
56.55750685388,23.40268219779,0.748,-5.405,14.760454,15.343961,14.021609
56.6650580855,23.44975551794,-1.501,0.307,14.861152,15.073689,13.656046
56.75601002051,23.49474145128,19.072,-45.023,11.273634,11.696708,10.691306
56.66777638111,23.49753520642,16.023,-46.941,11.961676,12.596969,11.177523
56.5172850878,23.40531966532,19.014,-45.462,12.397641,13.016661,11.634639
56.57506229159,23.48645761045,19.819,-43.241,10.363573,10.842356,9.716273
56.56079689169,23.49105649207,4.553,-14.528,14.519605,15.204821,13.712543
56.47840017953,23.45820478258,7.178,14.474,13.108019,13.886712,12.239543
56.5817650593,23.52136285472,8.994,-14.934,11.900842,12.484789,11.160862
56.64210979344,23.56687253661,5.702,-6.529,14.808726,15.760097,13.844855
56.57200807629,23.58835183841,3.198,-9.396,14.497849,15.247092,13.642703
56.55000395999,23.57640308364,-6.835,-14.704,13.446167,14.107222,12.649601
56.61473268479,23.57600333393,-4.426,-0.833,14.754609,15.536392,13.880232
56.59501888482,23.58360503985,-2.746,0.687,14.925896,15.685123,14.05451
56.61581566561,23.59251492433,18.428,-44.855,12.563813,13.306281,11.721897
56.96674957529,23.37888069562,-0.599,-0.893,13.467452,14.339232,12.552925
57.01890801993,23.38244526186,-1.411,-4.023,9.822091,10.409527,9.086718
56.98750344106,23.42693697777,0.101,-3.879,14.953444,15.407846,14.325334
56.99058939576,23.42684067283,-15.894,-0.561,13.588891,14.040704,12.962852
56.96075649608,23.40979590889,5.117,-10.747,12.521081,12.970273,11.903058
56.98597648078,23.43418610495,,,12.248988,12.5845,11.653132
56.9790839443,23.43715570023,8.948,-9.518,9.58716,10.289305,8.775883
56.96290137294,23.43485737703,5.73,-4.261,14.427199,14.84598,13.827722
57.03930972728,23.44376053682,3.409,-5.34,13.794065,14.216895,13.192405
56.98168495155,23.46483690975,13.231,-41.726,11.247829,11.70496,10.613071
56.99488769019,23.4839385401,-61.252,-130.987,14.655504,16.6776,13.33733
57.04583326092,23.50681118381,19.707,-44.54,13.712051,14.600283,12.782841
56.88345317936,23.45158637517,-0.624,-5.708,13.721666,14.213923,13.066994
56.90846714444,23.46784903103,21.222,-44.867,13.113663,13.854302,12.268779
56.82488962946,23.46438913568,6.993,-11.855,14.86368,15.459836,14.108381
56.77952913423,23.48180913312,6.708,-12.023,13.377137,13.817469,12.759727
56.85691754549,23.54204906523,-8.495,-17.154,9.922118,10.710828,9.053615
56.95242079425,23.49679814988,11.9,-15.275,14.060127,14.654238,13.322979
56.98885213023,23.58761576261,3.471,-0.587,12.419533,13.158557,11.587337
56.9253059339,23.54373489994,-4.041,-22.589,8.425234,9.050472,7.657393
56.87355919037,23.56453755843,-2.957,-7.279,14.905242,15.535786,14.138247
56.98418766293,23.59194650988,-2.919,-8.404,12.873478,13.25096,12.268046
57.101346035,23.52720379284,1.053,1.472,14.281972,14.581887,13.750767
57.14010831583,23.54245541796,-4.773,-17.91,13.816237,14.708937,12.883798
57.16063174511,23.54691537864,44.0,-17.88,12.105376,12.456676,11.560006
57.14415127425,23.5646535796,-2.294,-0.438,14.474995,14.895309,13.875799
57.15447207163,23.56723425993,0.217,-3.723,14.650647,15.073542,14.05721
57.09608711814,23.57788365515,-0.12,-0.453,13.822012,14.397882,13.099111
57.09460868756,23.59132568564,9.702,-17.991,12.798679,13.147267,12.281692
57.13077894776,23.61716936731,1.159,-0.506,12.408456,13.17744,11.557149
57.22172903898,23.63166340784,9.618,-1.547,14.514484,14.75085,14.125043
57.26384512643,23.63966934707,11.468,-12.046,14.520307,15.253067,13.691702
57.28517916274,23.63128076986,4.136,2.179,13.785131,14.169944,13.2311
57.27435575971,23.65464387543,0.698,-6.088,12.515639,13.077686,11.808567
57.18835160877,23.6405064964,0.754,-4.643,13.065011,13.689919,12.306294
57.15364337722,23.66262281073,6.947,-6.55,14.588576,14.916708,14.086596
57.23657702284,23.66846924153,1.408,-3.925,13.51136,13.847854,12.934236
57.05674880807,23.57704207185,10.625,-14.042,13.566324,14.116774,12.870117
57.01552579393,23.61922648611,1.626,-1.626,14.621327,15.207617,13.893965
57.10510514509,23.63629357102,7.512,-1.456,11.526675,11.893828,10.994666
57.07052147815,23.63658449526,18.292,-44.757,9.99203,10.279017,9.538562
57.06218937585,23.65156896551,5.201,-5.548,11.607226,12.218102,10.860657
57.0659544207,23.65612378429,28.488,-16.514,13.575879,14.045579,12.945884
57.05606627868,23.65697120504,2.508,13.062,14.961751,16.208206,13.856463
57.01351506717,23.64482584512,-1.496,-19.913,14.452033,15.292822,13.549028
57.00494743352,23.64317618504,-2.104,-24.655,11.619435,11.964519,11.098231
57.02026755641,23.68904096008,9.613,6.337,14.79666,15.209012,14.210657
57.11982870404,23.66733871229,2.333,-9.28,14.434189,14.81918,13.878877
57.0820352595,23.72267948803,24.92,-0.052,12.865716,13.21775,12.343111
57.1477994066,23.76822267489,-1.823,-0.461,14.841514,15.194673,14.309913
57.10454917637,23.75929370374,7.579,-6.022,12.69415,13.2325,12.001506
56.84482006359,23.5544197911,-6.341,-8.147,10.722302,11.055375,10.215515
56.81734865995,23.57272193103,29.474,-15.785,13.796516,14.373234,13.062215
56.82301700808,23.59588358922,-3.641,-26.714,13.74272,14.338546,13.002855
56.75278853358,23.56568617835,8.795,-5.715,14.683166,15.385329,13.864738
56.72404434207,23.58335393181,20.796,-45.154,10.388345,10.711754,9.896658
56.77773581427,23.5712393362,-6.358,0.794,14.189017,14.761946,13.45791
56.74550654935,23.61096753581,6.071,-5.975,14.824378,15.392678,14.070998
56.76583191331,23.61611499254,20.78,-44.242,14.264648,15.604331,13.129026
56.85547159914,23.63109822554,2.643,1.321,11.631229,12.416749,10.762715
56.90428209464,23.60885223829,56.307,-59.331,7.406279,8.046225,6.634505
56.84116126307,23.66388996711,3.788,-7.93,14.187687,14.750324,13.46854
56.86189019777,23.67812685242,21.724,-45.71,7.746769,7.812398,7.595021
56.88567687096,23.67888434685,-18.199,-17.756,12.897877,13.390392,12.240697
56.88950251961,23.69229261642,,,14.65586,16.026436,13.39753
56.77524951634,23.64201128516,-1.568,0.965,14.765333,15.371988,14.008627
56.76507404571,23.64754462018,22.274,-15.465,14.773578,15.330369,14.055591
56.64259145052,23.62382162573,25.558,-46.071,8.040022,8.229589,7.689945
56.78562001621,23.71055110418,19.541,-47.273,13.317763,13.615209,11.879012
56.76088664925,23.70731711835,-11.787,-9.285,13.690542,14.167448,13.040212
56.77834370557,23.71495241088,19.426,-44.409,11.99486,12.511447,11.295786
56.80648230099,23.71408562078,19.731,-45.609,12.215946,12.771295,11.509645
56.82126025036,23.7266308713,-34.23,-26.46,6.866364,7.120588,6.447036
56.82288526983,23.72826413912,-33.774,-26.879,13.299052,14.412971,12.169397
56.77255025136,23.72100665229,-3.275,-3.369,14.513162,15.014175,13.842782
56.74874153679,23.74778487649,4.941,-3.712,14.061173,14.505284,13.43632
56.72614484254,23.73914369111,5.141,-19.143,13.645806,14.249504,12.892616
56.78942568111,23.74197963633,21.216,-45.577,14.170108,15.443391,13.048277
56.74337732034,23.75892803701,1.497,-0.878,14.929909,15.383128,14.299753
56.79098846488,23.78225174817,-15.208,2.748,12.527053,,
56.79109574419,23.782553995,-15.228,6.576,9.345498,9.574689,8.862787
56.77404491058,23.7851770908,13.67,-4.467,14.389929,14.93963,13.685924
56.97902293936,23.68957452792,-0.332,3.452,12.296124,12.884716,11.559981
56.98327892011,23.69597563806,35.328,-6.118,11.511332,11.842944,11.013338
56.92537052543,23.69744899011,2.048,-0.541,14.979373,15.381827,14.399522
57.02967832715,23.72985840851,0.346,-0.445,14.521136,15.287686,13.669978
57.01478438412,23.73779720565,35.232,-125.77,12.883492,14.113162,11.776298
56.99806770641,23.72666801688,4.188,-13.857,13.71605,14.102318,13.157972
56.98347808287,23.74354148748,9.234,-5.659,13.367857,13.800606,12.76767
56.93955709216,23.72227816053,2.103,-0.542,13.813791,14.397162,13.0884
56.92168447899,23.74008588097,19.39,-44.42,13.317822,14.096745,12.448992
56.94961103437,23.72888340908,-0.246,-0.909,14.049145,14.74663,13.245216
56.92748840491,23.76964403844,-0.125,-1.41,14.698781,15.208359,14.033636
57.02954428761,23.73735385693,-2.421,-2.174,13.454985,13.864908,12.867477
57.07091189879,23.8297848721,2.499,0.453,14.916766,15.330042,14.327086
56.97099867404,23.79319016183,15.81,5.698,13.119809,13.526627,12.539443
56.97302930616,23.81786438693,-1.635,-11.962,13.926692,14.253824,13.36106
56.97526069322,23.82379877577,3.653,-3.449,12.625369,13.183245,11.91832
57.01278180148,23.85441765113,1.79,-3.739,14.825807,15.316719,14.175118
57.03082718617,23.86521676922,6.883,-7.011,12.222242,12.602147,11.666574
56.86285989009,23.74844019192,-0.866,-2.807,13.364825,13.997123,12.599444
56.90494403232,23.78453423486,11.531,-0.924,14.836761,15.348263,14.17009
56.83746288644,23.80314110025,19.096,-45.52,6.997606,7.002589,6.960183
56.82855431104,23.80412272526,-10.476,-51.6,13.404059,13.845675,12.785625
56.81715564811,23.81888640477,-33.733,2.527,10.673792,11.077154,10.102547
56.807022076,23.83129346815,20.662,-45.952,14.748187,16.20566,13.568075
56.86589752352,23.88242887933,8.311,6.294,13.97393,14.44899,13.331516
56.9375792984,23.87192900971,-0.304,-8.634,14.69171,15.304353,13.952127
57.0028647532,23.87881747336,-5.846,-2.753,10.703273,11.443774,9.868387
56.89351657675,23.86860035076,4.029,-15.289,14.204269,14.742731,13.362879
56.96053843738,23.90084505673,3.668,-3.903,13.648863,14.33124,12.85062
56.96308227094,23.9076246404,17.372,-9.371,13.647564,14.279692,12.883739
56.94777831307,23.90756478706,5.032,-11.364,13.315695,13.859101,12.586892
56.96895425475,23.94102406851,19.685,-46.394,9.761056,10.036342,9.328334
56.92529155159,23.93348645573,3.271,-7.759,14.373829,14.852325,13.725298
56.93725139399,23.94855887736,160.528,-15.149,14.403745,15.098707,13.596103
55.79697041847,22.91797602074,0.196,-2.057,14.958036,15.563444,14.216259
55.82648194326,22.96040417952,3.423,-5.876,14.695045,15.234946,14.007041
55.77899564843,22.95321984823,4.414,0.279,13.734555,14.340198,12.989194
55.84928698158,22.95932108422,0.173,-13.338,14.202981,14.686701,13.552569
55.88095124941,22.98097236319,13.367,-17.73,12.240541,12.680572,11.634163
55.82882082428,23.0553565328,0.521,-5.225,14.875001,15.327088,14.246903
55.78412981159,23.08009455792,13.723,-13.038,14.801864,15.354977,14.088754
55.62456414135,23.0659162453,14.777,-3.958,11.621161,12.247798,10.857803
55.53866972207,23.10935114412,0.933,-4.104,14.069349,14.702032,13.300954
55.65394777464,23.11655517964,-0.147,-4.702,14.355173,14.817204,13.720854
55.65062030074,23.12660830945,-1.91,-17.428,13.085316,13.644793,12.376305
55.68051800878,23.18158913368,0.625,0.949,14.654213,15.089623,14.034321
55.50390164233,23.18209989907,4.929,-0.713,12.30775,13.09095,11.442965
55.44982898142,23.20823685424,1.419,-12.004,14.14898,14.623393,13.501173
55.51993251766,23.20042936455,17.542,-12.754,14.217345,14.735048,13.533793
55.91857912429,23.02244928623,-1.751,-2.179,14.190418,14.855655,13.39863
55.87450502372,23.03872443315,-0.094,-0.89,14.986307,15.132113,14.734766
55.8920753146,23.05886169721,2.315,0.524,14.388604,15.092697,13.571029
55.92099211728,23.09051350213,-1.508,-7.0,12.475911,13.238095,11.623784
55.89867592094,23.14204603041,4.727,-44.503,14.89712,15.531057,14.126408
55.9956815713,23.11200575351,1.307,-4.275,14.968624,15.52997,14.24087
55.95874648596,23.19445881122,-1.221,-0.139,14.486796,15.223069,13.648542
55.82277891448,23.08623919645,-4.973,-6.453,13.51503,14.226517,12.691511
55.83656385081,23.17304806104,18.139,-5.806,13.826666,14.520876,13.015794
55.85775279317,23.18724326268,36.987,-41.214,13.454489,14.021297,12.73137
55.79161865303,23.15925782383,20.237,-9.346,12.531152,13.016169,11.877843
55.89370407845,23.18644940396,3.374,-4.96,13.982355,14.39333,13.393802
55.89417130014,23.18980495661,9.707,2.65,12.503054,13.215542,11.68042
55.94797065959,23.21156859429,,,10.77446,10.776584,9.739307
55.93895805173,23.22426968672,10.058,0.184,14.549002,15.13367,13.811261
55.96495879893,23.22273634012,-2.725,-2.601,11.47233,11.404052,10.937477
55.96528455804,23.22243493654,-2.661,-1.477,10.23577,10.284384,9.751086
55.96306442322,23.25591550123,-2.699,-2.821,11.757744,12.52531,10.900719
55.85234648557,23.22574276328,20.848,-41.444,10.357922,10.749845,9.791486
55.9127268835,23.26448944349,-2.892,-7.863,12.200319,12.627378,11.5956
55.89660531453,23.29646552687,5.691,-4.644,13.943345,14.425682,13.286976
56.0648380878,23.17127585855,3.757,-22.493,12.036925,12.548504,11.358609
56.11442975057,23.23696296112,3.986,7.092,14.572033,15.131514,13.849609
56.07010584406,23.23674222677,-0.286,-5.612,14.941743,15.57267,14.155918
55.99776532207,23.22647324733,25.82,-11.575,12.415109,13.188644,11.557344
56.01895597727,23.26117586822,-1.554,-9.957,14.665456,15.228133,13.93671
56.16985057122,23.29496716345,1.737,0.104,13.013258,13.862164,12.103061
56.17976468493,23.31958950366,-1.395,-3.651,13.504854,14.291408,12.633349
56.15088763806,23.31417458201,-2.416,-3.927,14.544131,15.116028,13.814609
56.18934134398,23.36128720519,-16.639,-9.759,14.358507,15.08785,13.52264
56.16418384039,23.36439847903,-4.933,-12.127,12.997949,13.487661,12.335325
55.96221581414,23.27443812167,14.624,-1.985,14.978634,15.480285,14.142674
55.99665047999,23.30017026524,4.18,-6.786,14.704807,15.379687,13.876663
56.02180303806,23.32532017813,-0.523,3.569,14.887507,15.553338,14.0937
55.99632087653,23.32819520259,0.514,-14.315,14.461123,15.049786,13.725348
55.97673277338,23.35457321818,0.006,2.221,14.866958,15.41068,14.158055
55.96543553457,23.36511132618,16.52,-10.636,10.772734,11.190869,10.174206
56.04441291781,23.36392800515,9.878,-9.574,14.685936,15.226423,13.981106
56.07078972984,23.37419492609,25.418,-2.568,11.815007,12.519892,10.995235
56.12190316913,23.37928021177,0.288,-9.647,13.695972,14.119265,13.094966
56.12258500392,23.38107334845,-9.663,-0.11,14.463612,14.941359,13.804931
56.04683380132,23.37911934605,22.04,-46.639,11.193929,11.627196,10.593733
56.07959789621,23.42815187061,7.621,-0.77,13.377922,14.237909,12.467234
55.7865448457,23.25183076592,26.218,-49.629,14.570052,15.494601,13.626144
55.69385763734,23.28741139941,2.781,8.403,13.948589,14.440726,13.279167
55.82093673428,23.24666914643,0.862,0.913,11.299388,12.117964,10.417429
55.79395545041,23.25683061681,11.155,-1.771,14.397549,14.968205,13.656678
55.84024287131,23.26878339734,6.885,-11.132,12.716425,13.181505,12.078283
55.8095623468,23.31141260706,-8.278,-1.532,13.983683,14.460627,13.333188
55.86114352,23.2929606189,2.329,-4.951,14.879862,14.878895,13.588691
55.84582489112,23.28982198016,-5.341,-6.244,10.325258,11.026602,9.512211
55.75837938393,23.28591116727,-5.581,-7.032,14.956002,15.52223,14.236367
55.78055656725,23.34167159877,64.357,-32.626,12.949486,13.555326,12.205103
55.6307409251,23.26870150952,12.196,-4.884,11.147667,11.874854,10.3192
55.66491135838,23.28341189404,-1.209,-6.117,14.132163,14.599467,13.490831
55.63222302895,23.30875930685,-0.868,-9.594,14.348802,14.808925,13.709769
55.69952190696,23.33110683702,0.938,-5.214,12.547206,13.326725,11.687025
55.69232064513,23.34560655616,-14.466,-4.757,14.689447,15.309132,13.919901
55.57045332118,23.33794368269,4.793,-5.034,13.482744,14.174168,12.675062
55.65056424196,23.35258947672,4.188,-8.964,14.311205,14.918065,13.563011
55.6812324829,23.43307957568,9.993,-9.603,14.095022,14.655889,13.368552
55.72282105808,23.4468888781,,,14.114072,15.13731,12.07608
55.72271025408,23.44685902104,170.676,-54.801,13.959754,15.130116,12.067416
55.73372398568,23.46000334544,4.53,-8.849,14.331862,14.857972,13.643495
55.85400624308,23.36337524997,-0.796,-5.046,14.596272,15.05684,13.9571
55.86395573259,23.43417916377,20.119,43.633,14.628256,15.199116,13.901335
55.90259101573,23.45375386006,20.104,-44.022,13.831366,14.762932,12.873901
56.01376295224,23.45470474257,7.03,-19.0,13.487536,14.210468,12.662505
56.04350002458,23.46495649596,62.365,45.885,14.344039,15.159467,13.409342
56.00257297938,23.54374398487,19.559,-44.752,10.823086,11.230583,10.24679
55.83351925522,23.48995259904,-6.818,-4.921,14.916711,15.580096,14.115333
55.79653248073,23.47879441487,177.01,-172.661,14.191528,15.139833,13.223213
55.77334963058,23.50637594799,3.49,-2.894,14.969317,15.470915,14.301395
55.80215771813,23.51572070823,4.759,-5.479,14.840982,15.382019,14.134282
55.89909853574,23.50720585735,7.365,-7.081,13.827752,14.314744,13.170074
55.90752094849,23.51323048156,9.292,-1.599,14.775793,15.407821,14.002978
55.90730074032,23.53578784875,19.527,-45.292,10.576324,10.927368,10.060749
55.95261401767,23.53919347158,21.483,-44.389,13.418813,14.245265,12.528186
55.9637658837,23.56011050804,-2.573,-9.24,13.728288,14.175164,13.108642
55.96964992646,23.55743105573,11.573,-3.607,14.200721,14.701053,13.537245
55.84734381121,23.54955391473,4.778,15.638,14.865776,15.4252,14.100449
55.81598465495,23.56433372009,5.628,-0.168,12.877717,13.295778,12.2873
55.92875181768,23.59457025593,19.833,-47.226,9.430407,9.689258,9.003955
55.46634219663,23.2662911732,-2.78,-10.49,12.623444,12.988111,12.082339
55.47978204418,23.27189275393,1.757,-13.028,12.402499,12.801192,11.831497
55.50831977442,23.30846630521,19.957,-3.414,14.638964,15.14459,13.971108
55.38888287189,23.32595414606,3.054,-8.15,14.682458,15.202002,14.0077
55.40452856678,23.34352626218,156.341,-41.349,12.741735,14.112515,11.588172
55.43548628586,23.36651242051,4.704,-4.969,14.523669,14.736561,13.585717
55.37850182384,23.33289714996,10.985,5.667,14.999425,15.44981,14.38028
55.39385463349,23.38429130028,-1.581,-14.43,14.737151,15.223361,14.080643
55.32474848743,23.39459153568,13.373,-6.651,14.889203,15.54638,14.112577
55.33807799099,23.39118930667,40.164,0.619,13.061425,13.655237,12.309142
55.37881718013,23.42019833696,12.304,-7.734,11.379014,12.044845,10.592034
55.36122746657,23.42793486571,9.785,-17.717,14.834437,15.364654,14.147929
55.34580150776,23.48673483571,21.627,-45.324,9.069493,9.289895,8.691947
55.27018080189,23.47738795995,1.375,-7.907,14.388886,14.830956,13.737234
55.25086579923,23.50547575653,8.055,-11.359,13.681252,14.333485,12.890401
55.2796487907,23.50874428541,1.709,-23.02,14.296715,14.898524,13.554231
55.21373303657,23.59821916838,21.135,-45.757,12.452076,13.067136,11.703961
55.20542376583,23.61470720035,4.25,-7.434,13.571414,14.070023,12.905895
55.48556929405,23.42262671255,0.499,-1.115,14.560043,15.173495,13.810428
55.53114545555,23.42413309184,15.754,-14.82,14.657685,15.270422,13.901489
55.55694017608,23.43165427023,3.449,-8.182,14.273383,15.064404,13.397034
55.64258913134,23.43535405949,-1.846,-9.358,13.743282,14.301518,13.026913
55.60033431823,23.44014570849,2.503,-0.781,14.997005,15.567835,14.237412
55.69249294665,23.4533694715,0.937,2.415,14.157496,14.79766,13.382269
55.67669619215,23.50263721595,22.295,-50.838,12.169894,12.770027,11.423228
55.59328219784,23.46975972957,3.038,3.023,14.861188,15.416445,14.145491
55.60062509544,23.5159972642,3.121,-3.609,11.060512,11.943234,10.140871
55.44347206033,23.42700803532,9.961,-12.262,14.022147,14.500996,13.377084
55.4253778243,23.44890656491,9.952,-13.124,14.352257,14.869721,13.676238
55.46950276238,23.45789503706,0.819,0.011,14.372292,14.791802,13.775942
55.47365462562,23.45779725239,21.753,-45.206,13.487999,14.278063,12.427227
55.44295854084,23.45647921662,0.374,-4.307,14.389867,15.147559,13.544562
55.48855654467,23.45553553452,-4.939,-0.895,13.238689,13.712069,12.536943
55.48820808406,23.45647185157,-5.515,-1.386,13.7645,14.290669,13.061993
55.40447539427,23.50117488669,4.283,-13.335,14.219691,14.721268,13.55352
55.53810243232,23.50135026945,-0.626,-3.664,13.008818,13.371977,12.4745
55.53329732284,23.52653288675,-19.503,-35.44,10.966687,11.342707,10.414823
55.62276539915,23.55973000593,12.398,-0.265,11.459935,11.807491,10.935602
55.59989502274,23.56533801962,-2.099,-18.303,13.998858,14.649276,13.214267
55.53692422707,23.58789591936,19.04,-44.25,14.803357,16.046324,13.696748
55.52360562368,23.58765008044,2.927,-24.302,11.857863,12.31823,11.226179
55.71694186995,23.53447325128,0.345,-0.448,10.929646,11.623497,10.11663
55.74482343736,23.57490032253,-13.026,-31.556,13.24512,13.853088,12.501319
55.66700853406,23.53212668396,-0.433,-15.235,14.07384,14.58208,13.402177
55.66801931643,23.54106317013,1.993,-9.884,13.494998,13.951838,12.862505
55.66659097494,23.54817399554,77.604,0.347,13.939117,14.505471,13.221992
55.70671797311,23.55472708335,-3.345,-3.797,13.069824,13.469242,12.490459
55.70042945021,23.57012378434,11.518,-6.607,14.85061,15.383258,14.157313
55.81202517136,23.58509982145,1.448,-1.498,10.562802,11.5909,9.566787
55.83374669871,23.59597351876,-0.703,-20.634,13.124846,13.633812,12.450231
55.79978983791,23.60503243851,24.204,-8.555,10.709694,11.027997,10.22524
55.87510310202,23.66217731066,15.233,-20.092,13.987898,14.800504,13.110973
55.85261859009,23.67244566778,-14.886,-13.708,13.448728,13.970096,12.765804
55.74641612177,23.62851496876,-6.546,0.794,14.065052,14.594204,13.369397
55.77068575214,23.6518786069,4.03,-3.164,14.969028,15.455996,14.309291
55.81511393953,23.70153076972,8.36,4.303,14.960828,15.507426,14.256015
55.66951599702,23.59911930647,2.193,-5.919,14.98712,15.434301,14.368018
55.57925710423,23.62679260928,-0.027,-0.636,13.703684,14.468378,12.830363
55.5828710986,23.65489891449,0.769,-2.464,14.501079,15.206359,13.685639
55.63229416943,23.68279844487,15.188,-18.837,13.348902,13.84,12.696672
55.75064783689,23.68142720221,2.346,-11.037,13.539289,13.96682,12.934884
55.78255969756,23.70098339077,4.007,4.17,14.849424,15.441338,14.112061
55.80839878722,23.72344862418,0.52,-6.853,8.763253,9.806324,7.76436
55.75304668427,23.71391020749,-1.536,0.332,14.625709,15.052948,14.0214
55.75176431858,23.74717465824,4.463,5.87,14.560654,15.033461,13.902774
55.64995308182,23.73750195211,-12.548,-18.163,13.924471,14.393457,13.285194
55.36463599241,23.49252707904,4.132,2.278,14.237117,14.654316,13.512828
55.38542858517,23.52631743596,2.054,-8.954,14.543549,15.055632,13.867931
55.40277231141,23.55486050683,0.381,-0.935,14.39647,15.115967,13.568457
55.32169629225,23.55470747875,4.773,2.949,14.088213,14.753226,13.29387
55.34703455427,23.55618810751,2.333,-10.791,14.673275,15.205896,13.982583
55.32976557185,23.60332500341,26.319,-12.742,14.878913,15.527419,14.098572
55.37831276997,23.62621783922,1.71,2.581,14.053763,14.553787,13.38323
55.44839094482,23.5917950425,-1.208,-8.545,11.198787,11.567273,10.662253
55.44147544552,23.59295372154,5.677,-6.041,14.851099,15.379958,14.155035
55.4313795481,23.5966520518,-0.604,-7.988,13.346295,13.845083,12.676616
55.47174981334,23.63135006761,13.891,6.759,14.956707,15.431935,14.30688
55.53522014305,23.64795465147,10.09,-5.605,14.002489,14.480024,13.357114
55.49067898248,23.66818001337,21.307,-45.357,13.530231,14.09868,12.813158
55.27281944963,23.59898587095,0.164,0.256,14.417697,14.979469,13.703835
55.3460108271,23.62466798771,-1.696,1.689,14.781693,,
55.34566257102,23.62515670311,8.695,-5.166,13.317066,13.779235,12.620378
55.24703355274,23.66686060765,6.393,-7.224,14.56423,15.009617,13.942436
55.36604390474,23.70813709776,20.26,-45.717,10.972593,11.369089,10.408467
55.42342704201,23.71191353408,3.314,-15.801,14.534738,15.006634,13.881638
55.38953382318,23.73415618163,7.427,-0.789,10.816441,11.51123,10.007716
55.41503159546,23.76288351385,22.104,-46.896,13.867477,14.802361,12.916341
55.33082709183,23.69408963311,8.054,-10.242,14.358527,14.778235,13.756719
55.38456237725,23.79001946014,9.862,-1.952,14.714139,15.196521,14.064765
55.62277635879,23.72185248579,3.335,-10.349,14.372014,14.828209,13.749746
55.49991000219,23.69744166136,-7.804,-0.729,13.838882,14.39855,13.129358
55.49459139514,23.70713528477,19.954,-45.753,13.935524,14.910838,12.961369
55.56335118374,23.74273946274,21.624,-13.713,14.877353,15.39472,14.191979
55.53726897007,23.76932677253,8.168,-9.554,14.087983,14.654405,13.371248
55.55101919084,23.7745866834,83.746,-80.016,12.889624,14.085721,11.80499
55.63098210372,23.7318804025,2.204,-6.849,14.787723,15.27263,14.142329
55.66245926721,23.76642734299,20.89,-12.038,14.28446,14.940558,13.381907
55.62685663064,23.76070512577,2.298,-2.236,14.905527,15.471989,14.191764
55.66221571999,23.81208824468,2.272,-3.514,14.863421,15.429395,14.143684
55.58375631308,23.78224885021,0.745,0.133,10.631579,11.773673,9.584961
55.66046779789,23.8433079142,-1.445,-11.391,14.814386,15.331024,14.135044
55.4917134028,23.77572614981,-1.277,0.427,13.435861,13.780605,12.916615
55.44235290761,23.76017372313,0.067,-10.434,14.850461,15.318893,14.217227
55.50229732972,23.82279561431,2.863,0.214,14.658855,15.285786,13.900154
55.37739276524,23.80127677982,46.71,-33.604,9.074472,9.703233,8.303699
55.46811856241,23.83385405228,5.841,-5.325,14.648623,15.131931,13.981087
55.55828187623,23.90648523296,13.474,-8.331,14.543591,15.123941,13.814444
55.51962537017,23.94318455795,-3.424,-4.949,11.145632,11.796038,10.365934
56.22686997584,23.36965271479,-3.525,-3.233,13.083607,13.504679,12.365913
56.24574641632,23.3887289689,19.889,-46.944,13.374578,14.203643,12.481163
56.26327442413,23.39569306662,0.071,0.722,13.089241,13.533348,12.466193
56.20745339667,23.39039273934,26.974,-29.396,12.96793,13.534167,12.248548
56.27592881209,23.43831166597,4.092,-3.375,14.611684,15.193811,13.764977
56.25714854577,23.4727157567,2.719,-5.064,13.118102,13.899283,12.249524
56.35829496527,23.43002292443,16.155,-35.835,11.943017,12.495064,11.226545
56.34254222359,23.47151034942,20.224,-44.65,12.190561,12.771814,11.464812
56.35215130952,23.48674112969,9.281,12.018,11.549062,12.0995,10.839618
56.29026947736,23.50026150463,4.553,-32.758,14.245128,15.103264,13.33489
56.15190227858,23.45517377355,35.944,-19.687,13.420744,14.003536,12.686435
56.21323499071,23.45471708476,2.733,-6.396,14.406042,14.930279,13.713164
56.19246355577,23.49067702248,0.154,-2.193,14.924521,15.642054,14.097569
56.14423311578,23.50125922873,6.174,-4.255,14.657272,15.271008,13.904157
56.24548470664,23.50193109399,0.802,-2.633,14.24612,14.74913,13.572977
56.20516326545,23.53041260359,2.389,2.236,14.503614,15.22541,13.628769
56.21101262018,23.58847519736,2.121,-1.115,14.783362,15.337936,14.069119
56.20145247653,23.58992131891,6.494,-9.923,8.984706,9.877418,8.057722
56.24088523869,23.60082629673,36.478,-28.582,14.845327,15.617379,13.986313
56.22609915985,23.60820807645,-6.735,-23.614,13.499202,14.062823,12.761136
56.36894122482,23.57745050596,-0.565,-3.033,14.643674,15.367509,13.810924
56.4354294581,23.57713980981,-0.525,-75.883,13.513168,14.361667,12.606432
56.44342688229,23.58479923892,12.997,-9.67,14.051359,14.641027,13.308836
56.443456847,23.60110331759,2.754,-0.041,13.084177,13.481174,12.517237
56.55083052803,23.66126019256,-12.067,-15.363,14.40894,15.204118,13.524461
56.4613184726,23.62082942956,15.085,-17.107,11.356891,12.210796,10.449745
56.50886568825,23.65335762666,-5.889,15.829,14.707479,15.589115,13.772942
56.33510120645,23.57268688696,5.629,-9.785,14.8209,15.443373,14.058065
56.37532933815,23.60334461036,-1.063,-1.294,13.896332,14.723309,13.007309
56.38013932903,23.62088196252,-5.804,1.378,12.568048,13.108478,11.866302
56.34142372132,23.68491135925,-0.749,-4.005,13.925465,14.386214,13.287203
56.39592286673,23.71694587685,1.154,-9.364,14.975117,15.733186,14.106821
56.36443624189,23.72667583012,-3.872,-4.103,14.698235,15.485099,13.816848
56.41428433449,23.75409592072,24.019,-45.253,11.925609,12.631835,11.008814
56.08537580306,23.5177651918,15.938,-3.831,12.035305,12.82872,11.165257
56.11216463792,23.56256880008,2.165,-3.944,14.333835,15.135844,13.459884
56.03343632814,23.57166069607,15.868,-6.933,14.211083,14.8658,13.422016
56.0936325907,23.61214523095,2.453,-0.588,13.499805,14.067618,12.772891
56.22563572245,23.66093408738,7.541,-0.763,13.887959,14.579332,13.076645
56.19477018223,23.65488361367,-0.641,-0.696,14.554157,15.343915,13.682643
56.10847343327,23.61334666131,3.015,-1.76,12.718804,13.768574,11.714159
56.15452021663,23.64462860304,-7.143,-18.345,14.566362,15.15644,13.761327
56.14028267549,23.69058893457,,,12.848518,12.999099,11.634765
55.98911158535,23.5782537699,-0.167,-15.386,13.641666,14.384318,12.798963
56.00905232972,23.59999742865,9.969,-4.974,11.91378,12.549223,11.144133
55.923150568,23.64895762076,20.234,-45.618,7.85987,8.030746,7.545328
55.94487578223,23.67606694601,-4.075,5.822,14.031782,14.614054,13.301263
55.9876202287,23.6480387838,-4.942,-22.561,13.851707,14.363305,13.174567
55.99675062121,23.6846805446,7.727,-1.037,13.707574,14.22373,13.026706
55.98241662962,23.6860978226,28.831,-55.206,14.443127,14.929215,13.762765
55.97302904805,23.69752412871,11.848,-4.657,12.645494,13.068309,12.052595
55.97808426926,23.70965122832,2.732,-10.069,13.42309,13.840372,12.831772
56.09843690122,23.66897924255,9.358,2.007,10.419579,11.195932,9.555779
56.14348616751,23.72400010556,-4.202,5.194,12.379163,13.070989,11.568769
56.2684315214,23.67234954215,0.337,-1.688,14.898976,15.685432,14.028736
56.27733415374,23.68333458272,0.493,-5.79,13.045181,13.864189,12.153346
56.27211037046,23.70246592517,19.75,-46.401,8.888269,9.08254,8.5459
56.24091538275,23.72819605522,-2.138,-9.25,14.890301,15.5394,14.099362
56.17502179764,23.71665900929,2.728,-10.491,13.78256,14.341577,13.066254
56.33837180875,23.72727095406,19.691,-44.561,12.071662,12.781521,11.243565
56.37331924695,23.76030233531,19.065,-45.756,12.855757,13.581586,12.029433
56.26511633235,23.79617108934,-1.555,-3.103,13.840025,14.441554,13.091586
56.33331674159,23.82689122225,5.159,-6.036,14.279623,14.899554,13.249003
56.30310905907,23.84618639406,8.601,4.507,13.664829,14.351946,12.857699
56.16211575032,23.79129944943,3.333,5.964,13.981762,14.552833,13.259943
56.09857089699,23.79300457538,-2.477,-5.498,14.78436,15.255851,14.144094
56.12851714405,23.83430790007,0.195,-6.415,14.58479,15.211519,13.820461
56.17454611765,23.8237183997,-0.476,-1.594,13.523296,14.247911,12.69298
56.24742418587,23.81527434845,-4.13,-29.459,14.561509,15.361811,13.681528
56.26375187558,23.8392093177,20.343,-45.772,11.684071,12.160024,11.048585
56.29627907426,23.89463336008,35.968,-29.029,12.143853,12.772112,11.372917
56.2244333696,23.92108582136,21.062,-45.346,10.590246,11.024535,9.982679
56.22380249368,23.93621351892,-0.355,1.856,13.669271,14.446955,12.803946
56.24324820611,23.94849339063,6.665,-5.584,13.707342,14.228329,13.020806
56.61404004789,23.693379383,-5.822,-11.009,14.282829,15.106645,13.385334
56.66635995438,23.74434575262,2.883,-0.106,13.307453,14.070457,12.452587
56.70946036734,23.78971123155,-2.794,-48.63,14.053296,14.73066,13.264997
56.73495331615,23.81768565326,7.542,-18.391,12.845772,13.281133,12.226738
56.65709673683,23.78750955142,20.011,-47.267,10.045166,10.413593,9.512707
56.6440393159,23.80131420051,-6.536,6.337,12.769917,13.271407,12.096773
56.68944317177,23.82629673351,-0.399,-5.129,12.90988,13.312944,12.268541
56.69780182815,23.82522359895,2.952,-0.761,13.303547,13.994158,12.498344
56.68111523105,23.82701357708,5.41,-7.735,14.999581,15.607895,14.244374
56.65556773472,23.84828400562,-21.069,-40.608,13.10518,14.051621,12.129865
56.511596002,23.73718212048,19.496,-44.257,12.133683,12.948728,11.235674
56.52329273641,23.75705828476,20.577,-44.183,14.375109,15.703154,13.25629
56.469898903,23.76740129,3.98,-8.959,14.13546,15.046546,13.181624
56.44372984936,23.79515713239,19.197,-45.353,14.805443,16.206171,13.606966
56.52724342555,23.83880945903,19.691,-45.972,14.606908,15.806311,13.519028
56.63926116541,23.84729117642,5.29,-6.628,11.623108,12.40056,10.762788
56.60155966416,23.87738256156,3.66,-1.763,14.719398,15.388663,13.912391
56.63298283863,23.86168089199,-11.983,-29.621,10.782198,11.179527,10.210233
56.62304005618,23.88431309815,-5.397,1.445,14.128326,14.621281,13.468791
56.61425281943,23.88870235218,0.217,3.92,13.799997,14.214321,13.200773
56.58176819676,23.91754743488,7.03,-12.082,14.217417,14.687256,13.574684
56.57106245969,23.92044546385,0.393,-4.334,14.815845,15.25838,14.184475
56.58167144918,23.94814381018,13.075,-48.404,4.172742,4.148266,4.159457
56.8524910669,23.89920688541,3.121,-12.052,13.722812,14.238057,13.033303
56.8210638971,23.91415985126,-3.094,-2.466,10.233924,11.064319,9.346165
56.75635897114,23.87487566893,-1.558,-4.425,13.937819,14.359342,13.324389
56.84992842917,23.914271006,19.606,-46.33,9.739319,10.072752,9.239894
56.85182143113,23.91447789176,20.049,-44.133,7.286501,7.291563,7.249264
56.87670215051,23.95507261191,93.075,11.165,12.67835,13.237673,11.968382
56.92276375783,23.97172758846,20.525,-45.032,13.007188,13.72062,12.173166
56.88556336931,23.96671168791,1.233,3.19,13.596433,13.957102,13.06341
56.91617515357,24.0033364439,3.901,0.946,10.251389,10.975552,9.42915
56.82852162278,23.95137581996,3.554,-10.404,13.971072,14.433726,13.340939
56.83168632738,24.00178425046,12.679,-12.34,12.742949,13.332239,12.007689
56.84126193337,24.01848670523,1.236,-2.016,13.713995,14.346055,12.948189
56.6753626651,23.95221749675,-2.485,-3.02,13.833427,14.538033,13.017975
56.75118949502,23.98353470735,-2.355,-2.999,11.436664,12.042624,10.688966
56.7177979618,23.99364219169,5.09,-3.825,14.250961,14.597454,13.735724
56.64547161565,23.9627458684,7.14,-0.384,11.592597,11.891012,11.122999
56.64972601818,23.96682512457,19.293,-44.068,13.736212,14.64295,12.789619
56.6210027636,23.97282084839,-1.682,-4.717,14.576466,15.053315,13.915082
56.66100360259,23.99545677952,5.812,-3.236,11.99279,12.771821,11.134918
56.63405389883,23.98272826507,43.614,-58.197,12.771411,13.702092,11.806621
56.64610798229,23.99108287629,0.804,-0.13,12.289089,12.905359,11.534364
56.68349184207,24.0217858295,4.039,-10.29,14.700344,15.130911,14.105813
56.67924072295,24.02912194857,-0.805,4.161,14.876299,15.396771,14.196094
56.69291470342,24.04227778167,9.74,4.759,14.433508,15.027793,13.689901
56.76765840946,23.9950129144,21.323,-45.437,8.332108,8.471214,8.059982
56.82547570016,24.03643638599,21.437,-44.73,14.673646,,
56.82577815809,24.03621806528,22.032,-44.736,13.563175,14.262363,12.399113
56.79483767015,24.0440856827,5.629,-5.471,14.092535,14.455345,13.552627
56.74561610052,24.08917478261,7.972,-10.467,11.940813,12.338661,11.368548
56.45402219951,23.85268637885,21.187,-45.392,13.566717,14.430969,12.650938
56.45296437293,23.86910374984,,,13.655946,14.000012,12.50127
56.46044167389,23.873754046,19.875,-44.652,13.134053,13.93304,12.255639
56.38128455645,23.86980159255,-7.517,-15.686,12.546949,13.095316,11.8374
56.40443227054,23.91331595744,-5.343,-7.582,13.052767,13.560083,12.380526
56.3943641105,23.92683505677,-5.954,1.203,13.274261,13.604194,12.771373
56.51113045099,23.89717111404,11.871,-17.806,13.391112,13.975628,12.655908
56.56378285867,23.98563268239,-0.879,-0.058,12.958048,13.429089,12.321159
56.45397171723,23.94818483347,-4.48,-10.928,13.802906,14.355062,13.070885
56.43969773815,23.96338012639,3.835,-4.68,14.099586,14.470934,13.553889
56.51666493277,24.0454338107,6.072,-9.451,10.777299,11.500668,9.951138
56.38792874685,24.00657415265,8.69,2.165,14.767355,15.162263,14.15678
56.46524526083,24.03867637775,19.806,-45.003,7.833629,7.920607,7.654846
56.35902804607,24.03494447031,23.807,-48.998,8.016329,8.119099,7.80699
56.35734048145,24.06911354009,5.166,-25.728,13.209313,13.662867,12.581607
56.43373928124,24.07392359529,19.955,-43.353,13.691072,14.590597,12.760758
56.42324775967,24.07564500639,-1.961,0.36,14.296723,14.944746,13.519146
56.45443273741,24.10326868492,-8.037,-4.904,14.509795,14.945072,13.894012
56.39758231508,24.08301110684,18.43,-45.207,9.984646,10.313002,9.486859
56.58723381081,23.98296446097,-12.376,-38.518,14.711728,15.548087,13.796211
56.58405687363,24.00851926732,1.113,-1.352,13.816697,14.244659,13.208963
56.60798237747,24.03079985057,4.605,-17.771,14.054327,14.64297,13.313494
56.59022814621,24.03895963844,0.323,-1.27,14.948977,15.594027,14.160575
56.66420881499,24.02947983248,20.265,-46.228,11.957084,12.480111,11.278872
56.66807763815,24.06126373527,6.111,-7.693,14.651752,15.093582,14.028995
56.58231825252,24.03568458515,-1.987,-2.124,13.213815,13.506842,12.753577
56.55372255611,24.05417116892,22.068,-46.128,13.603668,14.4831,12.671939
56.54563249302,24.06026319579,-7.037,8.013,13.701928,14.150556,13.084879
56.53194261458,24.06171305506,-30.476,21.712,10.474504,10.79979,9.97776
56.53733616096,24.07218742411,-15.129,-85.676,13.729893,14.408564,12.934019
56.59364452343,24.12213856718,10.912,-20.7,14.331924,15.211622,13.409299
56.66398954459,24.10299456629,20.529,-46.942,9.199545,9.431398,8.808819
56.72695130818,24.11171813411,38.346,-29.436,13.91212,14.627676,13.091035
56.73670023354,24.14950434552,2.884,4.704,13.613182,14.272486,12.804853
56.63002744351,24.11714094377,18.38,-45.252,13.536427,14.369823,12.522509
56.64281604539,24.13808564947,49.923,-40.457,11.464713,11.862259,10.899588
56.71809397144,24.17319985186,8.147,-7.599,13.601707,14.005753,12.993467
56.52976557497,24.14167192462,3.792,-8.294,14.549497,14.984511,13.938452
56.60587308903,24.15991869115,16.921,-48.015,14.781489,16.170414,13.620049
56.65999788624,24.19125702309,2.739,-9.299,14.759604,15.167814,14.172273
56.62558396636,24.22163570203,1.109,-10.542,13.724492,14.144266,13.131278
56.56677710162,24.18972847505,19.606,-43.759,8.228746,8.105177,7.661086
56.56678722416,24.1894348105,20.756,-50.032,9.408872,8.081759,7.678432
56.55735779587,24.19655863039,16.787,-11.371,7.334767,7.940424,6.592034
56.55783445604,24.20163655599,5.729,-7.609,12.7389,13.217781,12.084297
56.55623594357,24.20354668467,-4.942,-5.62,14.979642,15.481051,14.304591
56.53720423862,24.22573328408,2.616,-14.061,14.164259,14.833387,13.371582
56.61376023966,24.25480032904,20.45,-44.647,7.352819,7.391202,7.256838
55.94039399174,23.68452819721,4.496,-6.357,14.978514,15.395918,14.386925
55.88323532267,23.67385377651,19.925,-45.318,10.641136,11.002267,10.113153
55.87841007732,23.68320813931,-3.654,-5.536,14.870893,15.38258,14.19507
55.88162103503,23.7005782439,-24.792,-25.413,14.072909,14.764368,13.273052
55.94204671912,23.70403139701,10.228,-5.04,13.782279,14.291861,13.097371
55.87055601733,23.75466098591,0.784,0.147,13.544177,14.118184,12.818488
55.87361752204,23.75893905312,0.602,-0.051,13.937322,14.550118,13.186005
55.89349233391,23.76171357964,22.966,-47.116,11.201932,11.649506,10.5917
55.8968312342,23.79814883031,2.446,-6.53,14.579583,15.033327,13.952616
55.97765319328,23.75279384638,0.525,-10.543,12.5058,12.876568,11.90398
56.03615516447,23.77950949034,1.506,-8.92,13.885829,14.307665,13.287121
55.95704439607,23.79651677808,1.586,-1.744,14.214545,14.672876,13.564311
55.91874115347,23.79014308466,1.049,-7.773,13.432635,13.889019,12.802789
55.90503319387,23.81126215835,5.579,-4.867,14.382141,15.082773,13.569155
55.7780469409,23.76067383368,-4.125,-0.977,12.888893,13.424419,12.195806
55.77715032333,23.78414475041,4.439,2.082,13.332371,13.787677,12.699966
55.7922549179,23.80017948076,0.555,-2.209,12.767468,13.901875,11.726296
55.75598952328,23.81008912271,0.391,-8.993,13.89732,14.314358,13.300985
55.8322363374,23.84901111211,13.211,-48.035,14.4789,15.102955,13.708452
55.83007802748,23.85937115466,13.442,-47.123,13.272292,13.79345,12.58781
55.89323064769,23.8334055141,12.455,-16.26,14.542311,15.162676,13.783998
55.84693690093,23.85699641989,9.343,-25.97,14.791895,15.949294,13.728719
55.87689566716,23.94418985539,4.225,-6.949,13.339328,14.04781,12.520013
56.13342908901,23.87484927647,19.579,-45.423,14.320809,15.033832,12.844796
56.13322156163,23.8752114689,19.613,-46.535,14.404743,15.336383,12.858709
55.99511103369,23.88252732507,19.882,-44.694,9.539745,9.822223,9.087022
55.99954321657,23.88948961669,12.805,-8.877,14.858453,15.445796,14.120877
56.07644706226,23.91514033276,6.194,-1.192,14.904985,15.479891,14.171845
56.09447590718,23.9112038963,12.669,-1.149,13.498472,14.091341,12.754792
56.09653759974,23.9152637469,-52.369,-54.435,14.967197,16.160654,13.886561
56.06245537571,23.953122277,1.064,-0.308,14.901584,15.638449,14.057465
56.16871455495,23.89490150024,0.228,4.281,14.475089,15.11195,13.702279
56.12822899673,23.92752037389,-7.041,-7.841,14.030417,14.454338,13.078881
56.1264423713,23.97531184349,0.013,-1.479,14.669992,15.411423,13.824806
56.08891787439,23.95693471789,4.085,-6.624,13.780985,14.399994,13.017677
56.09031939223,23.97103041806,41.883,-24.238,12.707779,13.312933,11.960825
56.14763096345,24.00113421797,21.424,-45.873,13.679698,14.571675,12.749762
56.00749490399,23.91180948953,6.397,-3.034,14.877057,15.342842,14.23381
56.03418470606,23.94081017526,5.154,-3.97,14.565867,15.111563,13.856486
56.02485563709,23.95414146833,17.434,-17.401,14.897819,15.484182,14.15563
56.06079921878,23.96971482754,31.691,-18.198,14.542994,15.130025,13.8023
55.97986313176,24.01504224982,2.921,-6.288,14.439556,14.983555,13.738002
55.97451555386,24.03272837954,5.055,5.654,13.862631,14.479288,13.098845
56.05452292933,24.03061586305,21.405,-45.886,11.167223,11.591781,10.58207
56.14683642462,24.06275307876,0.758,-4.412,10.714922,11.734005,9.725705
56.09618368467,24.06809498503,21.775,-47.341,13.168843,13.995894,12.250082
56.05316220658,24.03159225173,20.146,-45.145,11.859773,12.415699,11.137634
56.0616846609,24.05515006605,7.663,-5.114,14.184331,14.835728,13.391029
56.0175582777,24.07410483643,4.018,-6.924,13.788363,14.221682,13.179709
56.05843046349,24.09806795494,0.806,-11.514,14.972707,15.552802,14.224881
56.06126040462,24.10143653881,18.74,-41.029,11.056349,11.359674,10.068474
56.06105910287,24.10191467207,20.709,-43.437,10.878019,11.249774,9.968431
55.71824645476,23.82767382461,5.328,-8.202,14.995724,15.508585,14.317595
55.7220970623,23.83008701749,13.914,0.882,14.254539,14.961921,13.437926
55.69495142654,23.83417211479,-10.768,-8.641,14.04278,14.440455,13.215524
55.70245341906,23.86280457543,-0.673,-7.412,14.562238,15.07609,13.884975
55.72595431015,23.86325250496,-7.029,-11.465,14.814309,15.309585,13.895234
55.73271789314,23.87631889918,-9.27,-1.562,9.955231,10.49861,9.253721
55.76101278656,23.8595941845,6.835,-10.676,14.363534,15.005951,13.511984
55.75227194345,23.87891494697,-1.876,-9.005,14.476805,14.985036,13.803578
55.65591925528,23.88649604054,0.966,-5.048,12.089732,11.969364,10.9433
55.65586964249,23.88629041316,0.274,-4.441,12.509198,,
55.64241165177,23.88586201592,1.361,-7.746,14.01795,14.771922,13.167572
55.65043944535,23.8990427445,3.035,-3.374,14.284596,14.794306,13.608534
55.69001780699,23.90671682849,8.241,-7.043,14.752458,15.327898,14.022422
55.71862115128,23.91347919429,2.388,2.517,14.956162,15.736391,14.088461
55.80176905404,23.933339671,-2.939,-3.806,13.418323,13.912272,12.753227
55.86580175158,23.97555213551,-1.125,-7.917,14.663819,15.183258,13.980454
55.83811699324,24.01687377071,2.534,-8.247,14.970264,15.496956,14.280322
55.79540315012,23.99702385456,-0.962,-14.95,14.681915,15.246906,13.965426
55.6603691177,23.96882466384,3.315,4.205,13.286329,13.744664,12.654328
55.66768554509,23.98916056381,18.058,-45.48,14.815301,16.166859,13.669749
55.68283261114,24.00610237976,5.79,-10.176,13.980666,14.518429,13.287307
55.60143254385,23.9970787045,11.879,-14.79,14.958333,15.505478,14.250433
55.57874718469,23.98932181251,24.222,-49.002,14.088701,14.923834,13.194834
55.69057913728,24.07063344956,4.303,-17.138,12.591723,13.04943,11.966662
55.68502643582,24.09005242317,11.753,1.082,14.52987,15.041685,13.853321
55.72925293545,24.12510685994,-9.528,0.916,11.869232,12.154133,11.420025
55.86674577202,24.01836504337,4.828,-2.636,13.666042,14.498095,12.768088
55.92396318659,24.0277885486,6.275,-6.117,14.722614,15.264171,14.014411
55.94939550878,24.03906413468,-7.466,-13.346,11.125996,11.55691,10.503878
55.94984798585,24.0421221608,-7.91,-12.396,14.921579,15.740214,14.026193
55.83952343875,24.03162200104,-10.211,2.71,12.947917,13.440662,12.285231
55.8914200805,24.06265941535,-4.113,-28.851,13.379372,13.87188,12.716471
55.99350268149,24.08219525022,4.226,-7.664,14.447592,14.984044,13.749776
56.04621561635,24.12169034089,3.74,-3.446,14.121127,14.637459,13.438128
56.01368275449,24.13179940633,19.835,-4.751,13.307113,13.834173,12.619022
55.95548260819,24.12835044467,9.552,-4.771,14.368215,14.915193,13.66718
55.99805537663,24.14774270444,10.745,-13.855,10.095618,10.763982,9.303837
56.02694363034,24.17653173762,2.497,-5.012,13.953897,14.313483,13.421937
56.00092224952,24.20072209902,-26.512,-89.269,11.169416,11.664345,10.51823
55.87951740884,24.14049888052,-0.596,-4.059,13.942135,14.290889,13.418041
55.80688731906,24.17530493625,52.544,-0.42,12.462973,12.979402,11.79355
55.90298289326,24.23211488844,20.333,-46.51,14.178851,15.150766,13.054563
55.90242144676,24.232125457,19.571,-42.105,14.437428,,
55.87446759697,24.26303352588,-0.668,-32.167,14.765708,15.63164,13.85015
56.30026632432,24.02127906952,-3.597,-10.518,14.889847,15.437881,14.183017
56.20406092388,24.05462409695,-4.698,-4.373,12.097706,12.619807,11.409795
56.19985949266,24.07845877034,1.114,-1.37,14.976589,15.5815,14.204373
56.25611795293,24.09236940712,-13.155,0.928,13.45678,13.907005,12.828298
56.23688503142,24.09082574534,-0.658,-1.476,13.253048,14.059549,12.37062
56.3348148296,24.10743461304,-0.716,-3.405,13.734046,14.12592,13.161832
56.35497029731,24.11340549616,0.79,-2.316,13.141632,13.938327,12.27026
56.30212866648,24.12499660038,6.245,-4.952,11.393362,12.062888,10.600959
56.32939257677,24.15313275439,2.492,-3.062,13.006687,13.395598,12.445916
56.33119401448,24.18010212094,-11.615,-5.298,10.567946,10.871852,10.089883
56.21900456453,24.11313304361,20.542,-46.081,3.698209,3.645838,3.7338
56.20478020207,24.16327315069,5.995,-5.429,10.59357,11.648373,9.587857
56.09705800205,24.13237723371,20.326,-47.787,14.205825,14.27768,12.883926
56.09822487064,24.13243934164,28.071,-43.098,8.972041,9.213455,8.561195
56.096662833,24.15269033875,2.162,-2.702,14.580192,15.067112,13.914923
56.11679051504,24.17134251408,22.796,-48.908,12.943953,13.674229,12.004851
56.28524539222,24.20486248264,-0.182,-2.031,14.022363,14.74035,13.198686
56.18336879678,24.23100327842,21.467,-46.454,11.193486,11.617371,10.609508
56.27733777372,24.26330921922,19.017,-46.065,8.547794,8.713079,8.243614
56.43515551317,24.22010548148,20.575,-47.2,10.392956,10.766737,9.845572
56.37159897994,24.24539398778,2.899,-0.212,11.511675,12.542437,10.512542
56.40608410989,24.26420339716,4.394,0.369,12.972456,13.660342,12.1664
56.43013429152,24.26993521424,2.639,-26.929,11.673903,12.061266,11.112963
56.4215751804,24.28463312224,-4.761,-0.703,14.937999,15.389508,14.283892
56.42257638295,24.28839132907,13.246,-46.991,9.320018,9.596251,8.872482
56.47725536548,24.25264698622,-0.498,-1.32,10.440965,12.093238,9.218877
56.57915053567,24.28074735102,-3.922,-6.037,14.213784,14.763207,13.509639
56.53108775937,24.31338462763,-5.364,1.381,14.166661,14.569627,13.58948
56.34124520418,24.25177604795,6.564,2.832,14.39595,14.830116,13.780258
56.33467934836,24.29311344035,2.08,-0.297,14.888703,15.262332,14.332729
56.38875176265,24.28369612485,1.792,0.573,13.683567,14.42248,12.845186
56.38734232753,24.30303428798,20.256,-45.165,12.989489,13.737245,12.144871
56.37602962224,24.31244491566,18.946,-47.25,14.607255,15.810062,13.522047
56.38290209513,24.33430323536,1.181,-1.221,14.498738,15.270125,13.639161
56.29283920547,24.26200021863,3.633,-0.741,13.887008,14.35316,13.242016
56.28574982607,24.32689496811,-0.931,-1.668,14.551409,15.313059,13.698153
56.34770594632,24.34444536591,17.442,-13.469,13.793997,14.303047,13.120356
56.40755416656,24.33546030372,21.075,-40.375,7.248939,7.236533,6.977047
56.48988296657,24.37670587053,7.884,-0.54,13.500326,13.930601,12.893868
56.45679586433,24.36754142472,19.516,-45.527,3.863349,3.836872,3.85064
56.45667739476,24.42658688282,-0.137,-2.971,10.423213,11.147522,9.596994
56.39559298212,24.41785006276,-1.794,-3.63,14.79255,15.214699,14.193066
56.42449682534,24.43131680345,20.511,-44.714,11.090695,11.508349,10.504712
56.11218796725,24.19916957647,-0.326,-3.468,13.741873,14.337338,12.99876
56.14164165367,24.21221611773,0.181,-2.57,13.071422,13.847058,12.209959
56.13292361748,24.2186469188,-0.516,-3.398,14.650668,15.101292,14.023835
56.11038219749,24.22081542584,0.446,-5.3,13.467718,14.214356,12.624326
56.01617468406,24.18913872223,2.719,-5.233,12.667048,13.024961,12.135209
56.08114266988,24.26067953036,13.856,-30.194,11.654578,12.082409,11.047798
56.04135549228,24.24703438718,3.183,-24.91,10.079808,10.389992,9.595933
56.06872865738,24.27270784224,0.225,-29.655,10.420061,10.78032,9.884192
56.17344256685,24.24962027858,0.937,0.223,14.806773,15.28271,14.15697
56.14051969217,24.24359524043,2.277,-3.014,14.960002,15.395815,14.341722
56.20099235354,24.28926774501,19.849,-44.966,5.441325,5.419782,5.441004
56.17414419122,24.2867548643,-2.643,-1.982,12.974498,13.370395,12.399177
56.21452283245,24.315229303,-2.031,0.291,14.519463,15.046873,13.824065
56.15239272857,24.31940213685,-2.245,-8.2,13.702229,14.159363,13.046342
55.99347260162,24.24482411312,-1.823,-3.195,13.216999,13.604975,12.653176
56.01462225333,24.24399109554,12.0,-37.752,12.363381,12.795172,11.761423
55.96136666026,24.24729269932,21.608,-44.803,11.1088,11.523164,10.524111
55.98052987679,24.2502885825,-1.247,-7.955,9.789618,10.429336,8.962995
55.99032367554,24.28602218437,-1.641,-7.72,13.723352,14.187844,13.08793
56.02026285603,24.27531918116,20.134,-45.356,11.209136,11.650412,10.597657
56.06049739158,24.28877042605,94.433,-29.56,13.511435,14.386439,12.382005
55.93158831516,24.27863336155,-0.114,-3.77,14.16273,14.565066,13.580773
55.99677192697,24.32313950898,2.081,-7.643,13.653231,14.176129,12.974271
56.02752790739,24.33639792318,30.581,-24.556,12.855935,13.375621,12.178191
56.10725957132,24.39449685186,21.95,-49.203,8.121808,8.253396,7.86998
56.02451367555,24.34426271138,1.794,2.91,13.163776,13.550666,12.600628
56.02242336721,24.39671684907,6.057,-6.639,11.590878,12.849997,10.485924
56.10123065343,24.42621476455,3.066,-7.216,10.321415,12.229103,9.016105
56.05378809603,24.40428198679,-16.356,-11.75,10.232284,10.582403,9.718357
56.05479512561,24.41412348698,2.243,-11.039,14.81933,15.348611,14.131278
56.22814136659,24.39508112224,3.775,-4.867,14.280078,14.731708,13.545422
56.26403090693,24.41402324766,2.662,-2.849,14.693633,15.104849,14.103793
56.20857947454,24.41752201006,-7.284,-2.677,13.914998,14.364021,13.294241
56.23507805711,24.43240474889,19.698,-46.135,10.274961,10.606586,9.774689
56.42022862329,24.45877903084,5.75,-4.954,13.725311,13.883548,13.011879
56.42078496322,24.45830534731,-0.247,-2.051,14.171755,14.531216,13.572304
56.39368645441,24.46310687838,18.453,-46.101,8.54996,8.726979,8.228857
56.35605255963,24.47078262976,1.245,-0.723,14.789867,15.416666,14.023657
56.30216285614,24.4670639573,16.292,-47.206,4.261022,4.224305,4.33163
56.3149285405,24.47576795796,4.187,-4.521,13.533433,14.172972,12.76279
56.29073017756,24.48433140124,-11.049,-14.631,10.741299,11.081334,10.232381
56.36277388821,24.50358489184,-9.2,-10.092,14.507724,15.060536,13.794894
56.17220664656,24.39943057273,-39.194,9.529,11.457511,11.89069,10.852865
56.15063318377,24.446055936,2.144,-2.756,14.86484,15.286284,14.215258
56.19847763604,24.44090414542,2.766,7.716,14.382902,15.019242,13.595307
56.16701138806,24.48810403682,-67.058,87.21,14.554031,16.03562,13.365212
56.16416653188,24.51059813401,5.841,-16.877,10.970341,11.299686,10.467771
56.23417938732,24.49166134901,-0.087,-1.145,13.936172,14.788203,13.036439
56.20549384852,24.5429520602,-0.563,-6.035,14.9542,15.410658,14.318937
56.24789341769,24.5589025407,13.716,-0.99,14.954334,15.524966,14.229475
56.2642925366,24.55904353036,7.416,0.177,14.604785,15.064648,13.958792
56.25474740103,24.5849852528,4.992,2.669,10.671586,11.958056,9.560044
57.94916324463,23.17600813742,2.983,-0.771,13.490814,14.058309,12.772548
57.89113540702,23.17652259221,2.085,-2.86,14.795307,15.332955,14.101844
57.90855896594,23.18292024195,23.661,-52.534,12.847497,13.65229,11.961829
57.93009228203,23.19146420607,13.766,-14.147,11.956223,12.308454,11.429891
57.93822447226,23.19882345994,-16.257,-22.893,12.07151,12.435124,11.516222
57.96341591177,23.23579858353,2.559,4.082,14.978648,15.396663,14.386054
57.98252242486,23.25203099632,3.591,-7.941,12.254412,12.555313,11.787486
57.98205326782,23.25524993471,3.742,-7.282,12.651433,12.958466,12.178063
58.04632014934,23.28176230597,-7.446,-12.059,10.853197,11.101047,10.442429
58.06894634051,23.2893855051,-1.582,-6.558,13.038524,13.413906,12.492088
58.12502978674,23.29747282372,13.907,-14.655,13.399497,14.183705,12.535905
58.04263039222,23.30506213885,77.903,-29.567,11.378928,11.788235,10.804156
58.15106262864,23.35446072651,2.728,-13.589,14.815804,15.289416,14.181744
58.16583940489,23.37040678079,-3.786,-6.534,14.31119,14.846724,13.611195
58.12118298157,23.37947189298,5.146,-19.93,12.97039,13.446061,12.329216
58.15270200989,23.38772934067,20.852,-24.416,14.525048,15.071835,13.824203
58.11180419046,23.40399381241,3.612,-2.803,11.189687,12.264364,10.163185
58.11024646841,23.40840828652,5.763,-2.901,14.679882,15.10162,14.091521
58.14565612518,23.42904491389,1.875,-2.96,14.883711,15.388071,14.213759
57.83511095037,23.17161470897,-2.741,-4.549,14.612937,15.15694,13.843223
57.89630246174,23.2270869129,1.943,-26.659,8.599123,9.260656,7.813831
57.89939212937,23.23885451091,8.787,7.415,14.076145,14.553935,13.426301
57.86440392237,23.26712082097,23.279,-18.373,10.086444,10.582514,9.426227
57.83630980012,23.27804690988,5.15,-6.239,14.887548,15.237955,14.360669
57.85250710094,23.29104460344,-5.48,-10.564,14.332791,14.760535,13.735263
57.81600521946,23.28207232448,20.266,-45.199,14.110739,15.143591,13.089289
57.8014081749,23.28847496144,-12.439,-0.611,13.808585,14.14567,13.298221
57.95098226052,23.28582322232,223.349,-90.383,14.834055,16.038101,13.740166
57.88669886585,23.26869193616,-3.99,-6.626,14.948675,15.343112,14.377624
57.89005682029,23.28471098814,8.089,-11.093,14.571314,15.0866,13.900835
57.97552256281,23.29280749303,4.126,-4.5,13.713812,14.076234,13.177173
57.94796306021,23.30395975341,16.019,-10.665,14.467765,14.936175,13.834634
57.97051248292,23.343133179,3.294,-8.855,13.287325,13.573632,12.83427
57.85972494468,23.33822541612,25.793,-1.488,14.657804,15.090303,13.580844
57.9333952695,23.38092391097,0.151,-0.665,13.533004,14.249414,12.713498
57.74411530874,23.24573513914,-1.053,-5.321,14.687359,15.026683,14.174223
57.77837653064,23.26965252538,-0.13,-3.032,13.675786,14.254329,12.952603
57.79619633364,23.28675998509,-7.945,-11.372,13.927856,14.310324,13.241822
57.71416001927,23.30832279797,4.197,-4.595,13.515122,14.10163,12.789687
57.72447613008,23.32733795229,-1.011,1.056,14.168058,14.352006,13.855746
57.71444143461,23.32886877947,18.888,-46.332,12.194483,12.753522,11.491251
57.67445810892,23.30986561374,-2.207,-1.204,10.871282,11.445354,10.148318
57.70122435373,23.32469603811,1.547,-1.055,14.905652,15.231328,14.404622
57.83400993183,23.34480911905,-7.998,-7.858,14.456821,14.942854,13.806525
57.8550098159,23.37472438052,6.361,-5.428,14.064806,14.39749,13.538439
57.8565020938,23.37495826465,4.078,3.554,14.773036,15.258468,14.120477
57.86972034594,23.36639464353,46.492,-52.495,14.164016,15.305461,13.101978
57.8915392535,23.38490005322,3.164,-3.728,13.535969,14.151029,12.787042
57.87745429306,23.39829310631,0.579,-35.703,13.417743,14.052949,12.655855
57.86842841911,23.41478981736,8.327,1.201,14.93146,15.531877,14.180544
57.7809136627,23.36748433629,4.708,-5.658,14.55974,14.921686,13.986463
57.80759575277,23.4040377369,0.77,-4.409,14.979761,15.639106,14.194439
57.8428008612,23.41916433932,29.275,-19.334,14.746169,15.416396,13.956353
58.00050980555,23.33892374715,-2.792,-4.936,11.670413,12.16563,11.013137
57.98900797238,23.33922129851,20.844,-46.485,12.713165,13.387769,11.922517
57.99886806181,23.34254212172,7.61,-2.657,14.136675,14.468597,13.639446
58.00421907763,23.36054938194,2.228,-3.836,14.171624,14.479939,13.691775
57.99250185677,23.36155223839,3.248,-3.162,14.952232,15.246976,14.492937
57.98426098133,23.35883305455,-19.795,-4.416,13.414893,13.831747,12.817424
57.98508643716,23.3593408993,-0.522,-4.112,14.652555,14.973517,14.116714
58.0685497474,23.38291386214,-1.285,-5.079,14.919107,14.905628,14.052121
57.99568038547,23.40365308193,42.891,0.138,12.218209,12.609118,11.301326
57.94461941172,23.38820438825,32.69,-30.89,12.887416,13.294755,12.311012
57.99537143463,23.4667105284,-7.333,-3.061,13.078692,13.503123,12.487709
58.16254244568,23.48633170053,5.392,-13.341,14.12842,14.44264,13.530294
58.12220656969,23.49256706683,-0.989,-9.576,13.78113,14.099188,13.291132
58.11254824831,23.49079521376,6.608,0.385,13.669231,14.216369,12.973558
58.04704090978,23.45529080619,-10.094,1.951,12.295582,12.656953,11.76933
58.05687444086,23.49318508038,7.705,2.055,14.914599,15.265966,14.388713
58.09934466384,23.49219907546,-4.063,-15.635,14.827788,15.572098,13.959457
57.89754181272,23.46650662873,4.925,2.054,14.305175,14.627329,13.809555
57.92660775845,23.52485161421,8.34,1.841,14.662253,15.003586,14.124496
57.92773452399,23.52513837785,-2.909,-13.151,13.799218,14.163477,13.254996
58.03765626387,23.52365014352,-1.779,-3.327,11.830586,12.064508,11.445686
58.04010691449,23.53096082067,-2.46,-5.805,13.74402,14.215172,13.106198
58.00978965703,23.52632792841,-0.954,-0.272,14.987206,15.356373,14.437305
58.00857136313,23.53059006774,-1.578,-0.283,13.203671,13.78561,12.474911
57.99670027436,23.53975292697,6.027,-5.551,14.932869,15.041041,14.728137
58.09016212566,23.56358306985,-3.223,0.367,13.55699,13.882742,13.026408
58.01939690042,23.57127433293,3.576,-6.368,14.955984,15.430347,14.313731
58.02845557142,23.58597741397,-9.327,-28.715,8.962429,9.654659,8.160858
58.25217417441,23.54126263928,7.062,-4.721,14.312552,14.717627,13.733987
58.17826378611,23.52061856212,4.149,-15.874,14.079384,14.495316,13.498579
58.14893749456,23.52486605351,0.131,-1.915,14.912134,15.405303,14.253013
58.22989141709,23.54819984837,-7.342,-6.532,14.655328,15.164439,13.992818
58.22477920187,23.551816654,-2.711,-0.677,12.325035,12.582603,11.911608
58.24737210716,23.56628309714,-2.538,-1.693,14.824795,15.129899,14.343855
58.23282985446,23.56918376402,10.371,9.417,14.696506,15.060507,14.156169
58.119046985,23.57202845158,-1.159,1.005,14.654481,14.895881,14.25612
58.21458841118,23.59961308856,3.519,-7.815,14.654611,14.975064,14.151712
58.16448857031,23.58767564265,2.921,7.17,12.702248,12.998297,12.243501
58.17013961581,23.603196738,-1.704,-3.086,14.805074,15.304154,14.138674
58.1721914593,23.60561612779,-2.161,-24.481,13.801207,14.272858,13.171361
58.19104362026,23.64479789435,-3.426,-5.104,13.181217,13.435747,12.766518
58.19727082959,23.6552740364,0.46,-7.243,13.493947,13.794691,12.991633
58.29092819707,23.68048742099,5.182,-2.263,14.836803,15.251334,14.250285
58.27808655003,23.71780871718,1.429,-17.766,14.52236,15.020771,13.840982
58.12126546173,23.58792572129,-3.383,1.818,14.310731,14.580197,13.858879
58.03699487396,23.62212267861,2.621,0.373,14.411625,14.829928,13.824171
58.09386516372,23.64466308656,20.351,-48.342,13.523306,14.414308,12.58623
58.01608764778,23.64248151871,0.23,-1.111,13.684917,13.980241,13.147328
58.12543535257,23.69434585855,2.457,-21.918,11.190851,11.794135,10.451032
58.17294389424,23.66023485963,3.649,-8.308,14.980265,15.295715,14.491938
58.16208263436,23.69434327945,40.924,-8.211,13.809179,14.284639,13.173885
58.20801806192,23.71201369731,13.161,-0.531,14.445117,15.0133,13.730234
58.18106022001,23.72494094185,2.091,-5.038,14.874762,15.241504,14.33659
58.12323744951,23.71853747923,4.099,-6.163,14.760777,15.136224,14.21131
58.1261172277,23.74952332296,-6.679,-6.94,14.850621,15.272191,14.255069
58.16031653702,23.75047663005,4.371,-6.016,13.647902,14.153492,12.981266
58.1758296285,23.76891560964,26.716,-14.343,14.005762,14.381373,13.454667
58.33242089847,23.73413665695,7.662,-7.569,14.785422,15.273933,14.131074
58.2996441319,23.71599718493,-1.467,-3.186,14.627977,14.948819,14.130731
58.31956973554,23.72954820357,0.093,-2.429,14.028835,14.627661,13.287629
58.27113608691,23.74680778496,2.885,-9.145,12.106527,12.720379,11.357118
58.21771570681,23.78608737982,-3.838,-3.569,13.50954,13.874071,12.962227
58.20827304923,23.791699002,-4.492,2.237,12.50518,12.89526,11.945589
58.27695850708,23.82443860868,1.083,-3.722,13.15404,13.758473,12.413465
58.29019649518,23.86754806199,-3.294,-11.331,9.26761,10.067925,8.397015
58.30438598736,23.87294431772,2.741,-0.05,12.789698,13.398192,12.044318
58.3140826186,23.87749676194,1.797,3.278,12.435834,13.074758,11.670477
58.31132414113,23.88133629696,4.053,-16.07,14.38514,14.882859,13.709039
58.32515637898,23.90646563714,,,12.983022,13.195272,12.359447
57.67390258268,23.33875040042,1.8,-2.39,13.189106,13.696372,12.521517
57.72692267072,23.38779651832,0.849,-0.615,14.702805,15.013429,14.220581
57.68357041701,23.38410629385,-3.0,-1.538,12.542645,13.159212,11.790014
57.67310244197,23.41230195106,4.098,2.222,14.989636,15.505635,14.319681
57.70534516068,23.42283857318,-11.008,-4.772,11.295028,11.674986,10.747311
57.69216744892,23.42148582911,3.637,-4.821,13.956501,14.478068,13.275929
57.59963429774,23.37070528481,6.704,-11.282,13.994536,14.384415,13.428409
57.63734941866,23.41309377689,2.237,-20.644,13.676665,14.116498,13.063016
57.5967270081,23.39700093582,4.993,0.969,14.551342,14.933202,14.000662
57.61458521927,23.41388215829,13.705,-4.26,14.866588,15.310442,14.250137
57.64887791833,23.45703902074,7.29,-5.068,14.888725,15.229259,14.37104
57.76145225257,23.42826208193,-1.528,-12.361,9.295025,9.498063,8.940322
57.79283015357,23.48923130826,4.86,-2.473,14.718393,15.13998,14.123339
57.72672496287,23.48100663938,0.209,-11.601,13.022538,13.448573,12.400866
57.66978177261,23.48287500133,-8.298,-2.344,14.931895,15.344193,14.348941
57.69252320665,23.50419441078,6.72,-8.419,14.824759,15.266724,14.210647
57.59510210964,23.49370854397,-4.383,-7.057,14.666743,15.164865,14.013844
57.59306221763,23.49516325663,13.929,-6.657,13.941794,14.337397,13.367389
57.56072155238,23.49786179532,6.495,1.001,13.490964,13.881382,12.927788
57.55886274799,23.53605636771,-0.72,-1.292,13.60389,14.290359,12.803457
57.65047846728,23.4931901869,-5.426,-9.986,11.798969,12.414595,11.046521
57.67524936997,23.56203509079,3.81,-7.391,13.68362,14.038007,13.153251
57.70103210831,23.5708294837,-0.444,-13.877,14.320084,14.847096,13.633811
57.61078827605,23.5587023303,2.436,-1.749,14.958964,15.342993,14.396236
57.58415170391,23.57185375985,5.284,-41.922,14.931855,15.691809,14.079602
57.61015337099,23.57238147452,-3.732,-15.439,11.22926,11.520677,10.773479
57.81794156592,23.49650243004,7.923,-0.936,14.583694,15.015743,13.978063
57.85167275236,23.53643753598,4.605,-10.862,13.85557,14.250498,13.288723
57.80474125227,23.51497975912,0.171,-6.206,12.229933,12.749781,11.554586
57.88674338391,23.58629631633,2.078,-5.638,14.349655,14.925933,13.627733
57.87713346643,23.58418203041,4.968,-2.188,14.344589,14.666215,13.848625
57.81063222738,23.59477959942,0.681,-4.854,14.584068,14.942179,14.050574
57.81385152696,23.62174037891,2.306,-9.017,10.530537,10.774407,10.132223
57.92708964643,23.57719222232,-2.111,-1.482,14.062307,14.446358,13.49744
57.9103852078,23.60091376546,18.003,-7.325,13.657756,14.1895,12.967466
57.95646248749,23.6243499546,-2.471,-5.656,13.605772,13.91408,13.128521
57.93793076152,23.6488193476,4.413,-4.06,14.3219,14.79278,13.689105
57.88187185421,23.63746899062,18.88,14.677,13.191844,13.536006,12.598602
57.91115986316,23.64283171697,1.985,-2.916,13.481224,13.882741,12.911174
57.86117446726,23.65385055711,-5.273,-6.788,13.738223,14.070241,13.233179
57.76068780375,23.58797951518,0.227,0.573,13.851708,14.428437,13.129106
57.76132453084,23.59290539922,14.991,-7.679,14.233753,15.131124,13.273752
57.71201034863,23.60071082995,0.538,-0.632,14.372834,14.989208,13.614574
57.73783299109,23.61103682663,-0.076,-7.558,14.713364,15.162888,14.09345
57.7242747281,23.6237491711,-6.081,-5.775,12.972644,13.359351,12.402483
57.73606906178,23.62695634241,4.646,-6.79,14.706882,15.066705,14.170367
57.79826309813,23.64951652322,8.415,-11.293,12.985171,13.166674,12.681142
57.75677674887,23.65341729588,12.885,-8.458,14.997529,15.471126,14.353236
57.69545100392,23.63733554434,5.105,0.71,14.88749,15.850809,13.917461
57.85297772137,23.68327956788,2.027,-2.444,14.590028,15.000164,14.010136
57.84720847752,23.696552401,2.736,-6.177,13.051155,13.394188,12.534584
57.82754495959,23.68386597917,-1.422,-6.082,12.915846,13.691487,12.065011
57.83189526525,23.69604455311,4.149,-6.335,14.505617,15.073842,13.805809
57.84364100664,23.70530626526,2.819,-6.222,14.983627,15.501889,14.287639
57.85300360005,23.73261750408,-0.565,-5.186,14.753943,15.136255,14.173618
57.86249479635,23.74265520819,4.815,-1.158,14.076732,14.457426,13.523439
57.78858061856,23.71268312971,58.23,-51.741,13.868236,14.656035,12.998556
57.85340118076,23.78466538251,3.916,-0.839,12.78505,13.470518,11.987693
57.4720008186,23.53059876535,4.01,-11.807,9.519897,10.187511,8.73563
57.45640661026,23.60336324947,2.685,-4.048,14.993689,15.633689,14.221781
57.47513723854,23.62946345691,4.659,-6.408,14.197471,14.631408,13.585422
57.58650337191,23.58665990354,27.209,-10.596,13.69789,14.30635,12.95726
57.52872934964,23.63157515789,-34.773,-15.754,14.115673,14.564977,13.491231
57.37571866512,23.60422444452,-0.009,-0.492,14.884588,15.428483,14.183525
57.40826537996,23.64533924961,1.803,2.022,14.0144,14.656818,13.243027
57.4187846421,23.68150662621,-7.574,-18.102,12.946552,13.382426,12.33721
57.3956990244,23.6973476129,,,13.633213,14.038157,13.019247
57.49055833737,23.67984242494,6.497,-12.669,14.733794,15.375049,13.965029
57.44719589969,23.67676742934,-4.056,-19.131,14.802677,15.421701,14.042704
57.45992411581,23.7053885297,19.587,-44.024,11.35299,11.778655,10.758796
57.43146835789,23.71164959376,17.869,-45.572,6.159169,6.129117,6.178773
57.46511212318,23.7269082113,-0.891,-4.923,14.34419,14.702024,13.808495
57.44389284275,23.74466731736,50.592,-42.3,11.210782,11.556104,10.696791
57.48168979879,23.77555055678,0.425,-0.169,14.211496,14.817713,13.46511
57.66202458937,23.67572924133,-0.597,-10.534,14.247468,14.86691,13.4912
57.72380231201,23.71688388081,-1.313,-8.323,14.726552,15.220742,14.05899
57.71165860911,23.72626826588,-20.897,16.821,12.859525,13.228156,12.29697
57.71221873429,23.7489958297,4.589,-7.368,13.391768,13.942481,12.690735
57.60318546293,23.69964467546,6.743,-0.277,14.799559,15.167321,14.255172
57.5774709413,23.72807868083,5.81,-15.282,13.989585,14.415133,13.39332
57.63464942834,23.76544807321,1.889,-7.637,13.546874,14.041526,12.88602
57.64879104635,23.79156927271,4.477,-0.525,14.24059,14.595082,13.707972
57.73592568006,23.73724466444,-3.96,4.875,13.225824,13.697803,12.590503
57.74748756029,23.75645911995,6.019,-0.418,14.185572,14.709769,13.499526
57.72644133558,23.83462856206,,,11.408034,11.613987,10.453829
57.71207137107,23.84294291688,2.128,-5.123,14.668206,15.395744,13.838504
57.55621033099,23.74035442902,-12.252,-8.154,14.872638,15.309616,14.260756
57.59739274592,23.80165219409,3.652,-3.119,14.495266,15.002517,13.826515
57.58373873404,23.8085799949,1.197,-1.918,13.353166,13.713038,12.817734
57.58035851572,23.81318192808,3.479,-2.316,13.969845,14.673844,13.158416
57.6206982993,23.83654192107,2.262,-12.847,14.700512,15.198266,14.037623
57.55157434755,23.82057995653,5.963,-6.81,13.113983,13.462336,12.586687
57.4983281398,23.8021161373,0.854,0.846,14.669395,15.049392,14.114835
57.54337935059,23.86367843221,8.629,-9.344,14.862987,15.28737,14.234511
57.6805349207,23.85673900436,4.036,-2.181,13.193052,13.802145,12.451643
57.65931322477,23.87614736531,11.591,-13.279,12.531201,12.912387,11.979183
57.70128129397,23.85568638826,-2.222,-6.043,12.737443,13.089612,12.214502
57.71040566019,23.87439706735,78.075,-34.371,14.246695,15.445677,13.15806
57.67928268947,23.86688256926,4.588,-5.842,14.887241,15.263047,14.329127
57.5983971454,23.87416522976,2.979,4.127,14.011132,14.345432,13.498771
57.61824429798,23.89137818555,-1.066,-3.416,13.377935,13.725414,12.85776
57.58330178556,23.88177904973,1.25,-8.838,12.520656,12.861458,12.010281
57.66705812773,23.93284478322,18.706,-44.358,10.161764,10.46863,9.688195
57.64661874509,23.9596860584,23.647,-13.009,13.918178,14.582218,13.137892
57.65689097339,23.96155893913,7.21,-3.979,13.193522,13.807861,12.445377
58.01840341438,23.72275693804,28.214,-1.557,14.795468,15.260664,14.164713
58.05074271052,23.73906577843,4.824,-4.373,14.26738,14.159175,13.109998
58.05063809582,23.73929720911,4.875,-4.756,14.638127,,
58.01239763797,23.7305078497,-2.148,-3.216,14.295193,14.668189,13.747589
58.01761246293,23.75742473152,-1.614,-3.281,14.549969,15.216935,13.768682
58.09450670768,23.74727688526,4.055,1.996,14.390748,14.929824,13.69802
58.11458401441,23.77313419559,5.135,-4.974,14.420185,14.738506,13.935818
58.07601049868,23.81185812225,-1.283,-1.063,14.2125,14.79079,13.49193
58.0206792678,23.80256042879,9.975,-26.308,13.932398,14.495372,13.22453
58.10963649378,23.86125424162,5.123,-8.75,10.207861,10.85764,9.433397
57.94755190329,23.75249588084,3.42,1.935,12.822015,13.142163,12.335876
57.90958848132,23.75968551124,21.395,-22.521,13.664571,14.13157,13.028113
57.9547334006,23.79757731608,-4.894,-3.931,14.990753,15.365154,14.44437
57.98496659683,23.82321651665,7.194,3.158,13.155724,13.475828,12.666613
57.96210267051,23.83784146141,-0.595,1.575,14.854704,15.289812,14.246983
57.86051834622,23.81136584767,5.369,-3.682,14.172316,14.49392,13.675375
57.86935011392,23.83421757872,2.626,-4.1,12.629583,12.953349,12.101667
57.86875385255,23.83441361147,2.704,-3.789,12.829547,13.147834,12.27494
57.94055362222,23.85751816083,-3.56,-2.77,14.921277,15.235189,14.433616
58.03314445861,23.83947237996,11.835,0.904,14.945471,15.330323,14.382181
58.05018611475,23.87866293232,-3.792,-23.863,13.739864,14.182409,13.12665
58.07070074523,23.88424997358,0.174,-0.913,14.757248,15.098873,14.238928
58.08528488914,23.88131762449,0.548,-0.566,14.601833,14.972524,14.058361
57.98806263859,23.88526713068,4.983,-6.982,13.868494,14.227745,13.332232
57.98702676676,23.90175276491,20.569,-45.934,9.926686,10.219089,9.466751
57.93808003121,23.88339672089,-0.741,-3.654,13.187304,13.857528,12.403309
57.93773246522,23.89537598346,4.683,-4.499,14.321597,14.647393,13.82464
57.96375905448,23.91541967274,4.647,-3.68,14.243641,14.796626,13.541956
58.18758064331,23.86151233154,7.791,-3.442,13.825144,14.350631,13.1402
58.19172216918,23.87013059094,-1.55,1.794,14.777164,15.118945,14.259052
58.17654214595,23.89992972976,5.12,-5.967,14.265848,14.740398,13.625157
58.21333509686,23.92183805182,5.221,1.378,12.908985,13.227422,12.424388
58.21537681175,23.92455926465,-2.157,-7.947,14.930553,15.312268,14.37032
58.18504252905,23.94466161371,-2.092,-10.152,14.381879,14.846685,13.753247
58.30551209284,23.92885737299,10.317,-47.004,12.567125,13.264945,11.760662
58.28848669957,23.9266655876,0.743,-1.263,14.099992,14.727002,13.33933
58.25903518659,23.92430601607,10.209,-12.774,13.950257,14.431925,13.288694
58.28411791769,23.95067211566,-0.68,-1.593,14.750125,15.089082,14.236736
58.2985574259,23.96106878165,0.689,-5.253,14.806647,15.126488,14.311583
58.31336842733,24.00339925069,-0.135,-3.695,14.526792,14.912503,13.969622
58.22839429923,23.94916654627,-0.299,-6.081,14.874681,15.196517,14.379976
58.10019505352,23.91072393231,2.319,-10.005,14.348608,14.879797,13.663777
58.12268151635,23.92992209551,14.56,-12.145,12.409316,12.764489,11.885489
58.06049591004,23.93665175192,0.27,-0.877,13.608634,14.143866,12.916978
58.09716567502,23.95420607562,12.89,-7.058,14.778856,15.163433,14.218615
58.16971641576,23.97107273148,8.216,-2.029,14.750382,15.151817,14.18199
58.10580146187,23.97673050371,-2.84,-11.606,14.835898,15.359962,14.157064
58.08134003897,23.97708386431,7.448,-4.298,13.711863,14.059526,13.197245
58.02297633709,23.95632657408,8.072,9.869,13.94199,14.336723,13.374587
58.17244689137,24.00816933207,4.283,-7.921,14.83069,15.182243,14.272997
58.21706061518,24.03820097666,2.371,-0.222,13.98169,14.574504,13.247343
58.23403180881,24.06312152189,1.147,-0.507,14.406879,14.725201,13.903323
58.21238328179,24.0930102608,0.575,-1.493,13.19495,13.796794,12.454339
58.20553144096,24.09350393684,0.706,-1.636,11.640746,13.008513,10.493519
57.82777688007,23.81967695162,-0.477,-1.09,14.25709,14.929337,13.465773
57.82037107285,23.8263996111,19.84,-46.761,12.090216,12.629843,11.399089
57.86366948868,23.85960168282,-1.259,-7.241,13.547104,13.928258,12.994303
57.85568054293,23.88917177889,19.114,-46.862,13.465058,14.303123,12.563636
57.84908130446,23.88497850543,-0.85,-11.746,14.428428,14.839204,13.846744
57.87484201908,23.89903557128,18.763,-45.89,13.02816,13.758848,12.188227
57.88465444701,23.91210571974,-6.297,-10.719,11.982365,12.325376,11.472331
57.76372086866,23.90343718252,152.618,-48.089,9.791235,10.426703,9.032653
57.78200493879,23.89819397269,-1.412,-4.879,13.029645,13.340125,12.549274
57.81561405763,23.90359913027,2.325,-0.2,14.807028,15.206028,14.231271
57.85485044847,23.90926472328,2.656,0.163,13.988589,14.452069,13.361955
57.86665417714,23.9259807322,14.593,-5.315,11.327454,11.917235,10.59162
57.80039695024,23.93243025023,19.627,-46.633,14.081378,15.105553,13.072544
57.83038072084,23.9314314202,-5.799,-9.834,13.911773,14.305871,13.351172
57.88161703251,23.92395012505,2.087,-0.316,13.354215,13.911999,12.643129
57.98240016812,23.94755400204,374.887,-204.197,14.951171,16.303886,13.803505
57.92926711223,23.97354415856,-1.11,0.132,14.854659,15.378885,14.17125
57.95119372599,23.98719883973,11.064,-9.482,13.142235,13.644174,12.479695
57.85559212363,23.95839676231,-0.401,-2.206,11.8964,12.474046,11.175602
57.87213886317,23.99900173231,3.196,-9.054,14.861154,15.238462,14.30497
57.91301699586,24.01182527594,3.173,-12.477,14.081604,14.443421,13.542105
57.89281464477,24.01540753618,2.818,2.906,14.278089,14.577395,13.708557
57.89411611008,24.0235121561,0.167,-0.312,14.14939,14.733119,13.422261
57.76234070899,23.95809820792,7.9,0.046,11.720367,12.460517,10.878878
57.71855293609,23.9612690201,19.945,-45.361,6.930358,6.965038,6.828312
57.77450673958,23.99899221048,-1.942,-1.386,14.319117,14.721773,13.738462
57.88416946789,24.03438598296,-6.007,-8.09,11.769017,12.339241,11.051685
57.902516722,24.04768288408,1.506,-14.176,13.736176,14.1546,13.142818
57.84114392187,24.05906451013,1.941,-0.817,14.854532,15.258462,14.269007
57.84737407012,24.07079886211,-0.052,-8.428,14.58208,14.95683,14.032204
57.85177827356,24.0871723634,19.14,-45.078,12.779283,13.456099,11.986392
58.03508214121,24.00815582558,0.839,-7.912,13.446133,13.738671,12.989197
57.98804004983,23.99679870893,1.153,-1.704,14.571983,15.134142,13.827368
57.99476861371,24.01187954999,-2.058,-1.065,14.053947,14.372169,13.561394
58.06675161733,24.05098250454,-5.279,-9.542,13.30769,13.710765,12.735479
57.95986791724,24.02438217331,4.826,-8.015,14.847254,15.226573,14.287766
57.99708867661,24.08678568016,2.039,-2.237,13.438768,13.759449,12.942084
58.12198783445,24.11945763307,-0.676,-4.075,14.99255,15.526659,14.30297
58.14165267507,24.14302659573,0.035,-2.469,14.929029,15.340953,14.346311
58.03360187057,24.11297883715,3.194,3.314,14.852297,15.317074,14.194239
58.07364688378,24.13490396167,-5.496,-5.421,14.765504,15.47479,13.949058
58.02869536231,24.13948295115,4.465,-3.323,14.733881,15.138131,14.163278
58.10367291553,24.1510837782,1.365,-7.911,12.234486,12.924871,11.431293
58.08804010415,24.16060556551,2.473,1.049,14.722905,15.138142,14.133206
57.89106285568,24.09337234361,4.572,-13.706,14.67617,15.281351,13.93382
57.92945070258,24.1042765047,3.446,-5.808,14.487166,14.845642,13.951595
57.96431440455,24.12388656848,-1.889,-8.614,14.157156,14.540718,13.603474
57.88785635427,24.13254766713,8.214,-9.82,13.21902,13.549252,12.710559
57.84123246267,24.12606681256,3.34,-25.281,14.874431,15.364939,14.217105
58.00632333545,24.1567265136,9.598,-9.666,12.526627,12.830519,12.059458
57.98336768506,24.16492693472,0.148,-19.505,12.283999,12.655567,11.744751
58.00141449985,24.19646053356,12.53,-9.116,14.477252,14.914714,13.872705
58.03476201026,24.2301087979,8.06,-7.831,10.505872,10.828101,9.999583
57.9579854226,24.19727358417,0.936,-16.484,14.807288,15.409405,14.067689
57.980012625,24.2136979998,8.06,-2.655,12.520806,13.12683,11.781431
57.95975862212,24.21792652322,-9.885,-1.245,14.983599,15.445661,14.346836
57.94738890665,24.22569088828,-2.421,-1.949,13.8368,13.95339,13.622931
57.96910279693,24.2351491733,-0.177,-1.704,14.602561,13.359175,13.108893
57.96913263802,24.23574809911,0.564,-1.956,12.809413,13.036589,12.373281
57.98410715085,24.24669439518,4.675,1.672,14.397532,14.746032,13.876225
57.3698575948,23.71197964152,19.936,-47.449,11.176867,11.592295,10.593778
57.29458093364,23.72836071717,,,14.83397,14.788969,13.771133
57.27448410526,23.73959197267,21.177,-45.502,14.775974,15.642261,13.19901
57.40276300814,23.76013004408,4.568,3.288,14.660445,15.013001,14.129023
57.38809269499,23.79519571324,19.924,-43.752,10.746968,11.107175,10.220457
57.44143290829,23.78116235839,34.399,-10.776,11.337158,11.610219,10.895041
57.35473797829,23.7950138532,2.358,-2.757,10.925401,12.539484,9.689889
57.35710165298,23.80849832696,15.471,-23.314,11.316088,11.823981,10.654009
57.32216441002,23.8007851708,15.878,-5.72,14.466235,14.878416,13.882434
57.35031052451,23.83904217177,18.988,-46.817,11.114523,11.519879,10.538406
57.22630219386,23.76825837681,1.207,-9.799,12.558278,12.870475,12.079314
57.22840421296,23.7918553707,0.377,-6.725,13.86332,14.169274,13.391222
57.22290195764,23.79784532638,0.137,-3.445,13.925431,14.501523,13.207764
57.27555029668,23.78103738009,20.359,-45.96,10.430534,10.861636,9.829401
57.17233473627,23.78132626279,14.451,-12.289,12.892066,13.301426,12.313031
57.1644968115,23.77840064335,4.507,-10.136,11.506063,12.219356,10.69126
57.14800318675,23.81913615535,2.904,-7.81,10.664621,11.489057,9.781835
57.17569685381,23.83391487492,7.932,-9.918,13.798422,14.13135,13.294842
57.22689165615,23.83366176257,-2.985,-4.351,12.214186,12.634023,11.621766
57.23749155579,23.85687454073,48.077,-57.903,6.385194,6.569959,6.054843
57.21629293999,23.84673133514,4.814,-5.037,14.772285,15.090219,14.190288
57.22520037352,23.87808944803,0.164,-9.039,14.559238,15.217578,13.780359
57.29120744533,23.86810014508,8.102,-6.912,11.936784,12.283695,11.42162
57.34909300976,23.88046420695,12.908,-11.266,14.19011,14.673073,13.543623
57.37112550597,23.88490745747,1.017,-1.957,11.395359,12.229662,10.503789
57.30087509594,23.88658760156,19.621,-45.173,8.101668,8.198534,7.902198
57.27309317569,23.8835536076,6.465,-9.749,14.426421,14.907137,13.778793
57.2475895656,23.88628542378,-2.084,-2.168,11.331128,12.083811,10.485329
57.25888876637,23.89326111395,-25.538,-28.595,13.527286,14.186593,12.746008
57.26017467335,23.91058797841,1.833,-13.621,13.998604,14.467258,13.359985
57.32673431253,23.92683578656,-1.278,-5.207,13.935798,14.342678,13.351667
57.49577278143,23.82453533492,-0.915,-4.298,14.720939,15.087434,14.178787
57.48946816008,23.84688194167,21.531,-43.565,10.234675,10.564196,9.657333
57.48437356395,23.84828424258,11.76,0.226,13.961503,14.389899,13.367962
57.4919880124,23.84848726391,18.378,-45.87,6.806421,6.811625,6.756288
57.49118369053,23.8479474945,21.027,-48.133,10.005213,,
57.56034285151,23.88461982567,1.689,-2.743,13.177021,13.468316,12.718527
57.55761117222,23.88545040947,17.067,-2.283,13.249689,13.675217,12.653222
57.43623524088,23.8494023019,9.495,-3.481,14.937054,15.341409,14.353741
57.40395786437,23.89377507747,-0.237,-3.981,14.230118,14.605486,13.675338
57.50084681715,23.91565062028,-0.413,-1.177,13.371287,13.710939,12.856226
57.50906429549,23.92903356146,5.523,-3.744,14.906289,15.474933,14.18466
57.48171537522,23.94216655129,3.607,-0.305,14.696477,15.046883,14.167552
57.48765348185,23.95058730479,-3.085,-16.345,12.847017,13.418016,12.128128
57.48778224525,23.95309126316,-4.014,-17.351,9.775113,10.020729,9.364938
57.58308727851,23.90626230686,-8.003,-6.658,13.652673,14.08233,13.050283
57.5610242291,23.93107866619,-1.282,-3.583,14.589607,14.926688,14.064695
57.54230748468,23.94467514177,4.275,-9.612,14.153692,14.526637,13.604445
57.58294448169,23.95133703266,-43.893,-57.701,11.36044,12.040235,10.566215
57.5881150351,23.954769072,-44.495,-57.864,13.20595,14.300651,12.164402
57.58577605855,23.96870574031,2.006,-2.451,14.305658,14.894577,13.576669
57.50794761567,23.94832401307,12.567,-1.983,14.426506,14.823739,13.851131
57.55110889295,23.99569145512,,,14.779146,15.694308,13.251854
57.41223033906,23.95639013734,2.261,-2.522,13.136552,13.441264,12.662725
57.42504159241,23.99564998315,-3.889,-9.275,14.430683,14.832047,13.851432
57.3280475542,23.98869291043,5.494,2.443,14.307815,14.64131,13.796954
57.38940489491,24.0103803052,43.958,-19.9,14.872422,15.652801,14.007547
57.39007448155,24.03094911178,10.466,-6.222,12.883781,13.235252,12.36218
57.47271043385,24.02937340871,7.362,-10.968,12.376652,12.753798,11.831496
57.53013426102,24.01923713979,48.707,9.421,12.078294,12.648288,11.367891
57.50442169878,24.04507270367,9.088,-11.25,14.582899,15.127774,13.880094
57.46358549777,24.0528773684,13.951,-6.531,14.066747,14.451457,13.503816
57.41910211293,24.03751272904,0.386,1.307,10.437454,10.986963,9.735234
57.50658295337,24.09777916997,-1.418,-3.828,14.992881,15.459326,14.355055
57.1521795045,23.86362256936,-11.119,-41.023,13.899684,14.564875,12.886107
57.18356220172,23.8883798699,7.195,-9.641,12.796273,13.122279,12.297046
57.07620702195,23.85630823795,-2.035,-7.212,14.232753,14.577957,13.706647
57.06432181525,23.87185249567,3.936,-4.71,14.885169,15.234811,14.354803
57.07140351417,23.89015053852,17.886,-45.495,10.245731,10.560406,9.762666
57.07512164513,23.89127367846,19.104,-45.349,13.975899,14.928371,13.007132
57.13756134472,23.90983498973,16.058,-1.903,11.997521,12.599489,11.25368
57.1294888193,23.91074376541,3.977,-4.683,14.441043,14.817004,13.888795
57.12412693238,23.91521342231,-2.073,-7.627,13.376284,13.70155,12.879574
57.14552132253,23.92381845424,-1.336,-0.478,14.804975,15.2075,14.226007
57.09932657169,23.93674505525,-3.054,-9.929,14.754117,15.247945,14.095248
57.12678192592,23.9514623878,1.832,-3.018,13.877958,14.311657,13.231765
57.1970144123,23.95090499403,-1.273,1.587,14.095621,14.473734,13.547503
57.2530508921,23.95880112029,27.824,22.441,12.939334,13.779945,12.0394
57.27944427049,23.96724433843,8.519,2.206,13.146208,13.54707,12.566974
57.20560458244,23.97709135964,23.643,-37.743,12.296179,12.851892,11.587582
57.23378542671,24.02388656062,8.126,-9.263,10.921057,11.601402,10.125821
57.19173223539,24.00416426612,5.969,-2.068,14.875855,15.301563,14.274471
57.09488735369,23.97234488912,21.526,-47.304,14.001765,15.076541,12.856866
57.0194265694,23.98643803899,3.068,-4.708,14.86168,15.25311,14.290856
56.99466994135,23.97867904055,10.639,-7.917,14.504148,14.931989,13.882125
57.01073616478,23.98955734971,1.538,-8.856,14.289363,14.732716,13.675241
56.99147352922,23.99012025418,-5.962,-4.982,13.283099,13.66036,12.715731
56.99719333638,23.99428789853,-3.034,-1.189,14.752012,15.161132,14.14066
57.05240731162,23.99914112529,1.113,-0.123,11.144685,12.215603,10.12849
57.03168125903,24.00013615467,3.392,-1.422,14.815237,15.481051,14.021159
57.1091158769,24.04818241728,19.673,-46.258,9.903484,10.187208,9.453119
57.07983193664,24.06155180763,5.057,-4.847,11.641418,12.287447,10.865975
57.08989340403,24.06691001228,7.242,-7.123,14.775446,15.128197,14.088999
57.14136774475,24.0795383687,-2.171,-6.974,12.849799,13.477601,12.093516
57.1183282167,24.09208910098,-8.327,-20.896,12.995753,13.43102,12.390249
57.28128212808,24.01109547103,2.01,3.336,12.378195,12.963532,11.636683
57.33349262023,24.02581501824,-0.905,-1.745,12.482805,12.715256,12.09914
57.31846378789,24.06346459389,,,14.58757,15.804746,13.258776
57.276992474,24.03857868717,0.596,-0.53,14.905054,15.09625,14.562842
57.29068893294,24.05321183,19.079,-46.193,3.615795,3.583036,3.619412
57.26280286564,24.06024090011,7.1,-10.48,13.068794,13.441846,12.523504
57.29970535268,24.06407745945,1.044,-4.357,13.35683,13.954841,12.612239
57.32053005325,24.06822311075,-1.744,-2.281,14.27553,14.657323,13.716735
57.3190613532,24.11317128108,-9.886,-14.727,14.855479,15.650659,13.972859
57.39633336897,24.08048663179,3.018,-4.317,12.982176,13.385137,12.411799
57.41364662463,24.07873069605,-2.267,-6.642,14.515115,14.88792,13.965634
57.39824419083,24.10164215239,-1.512,1.28,14.29524,14.679259,13.740558
57.44923792045,24.13268447234,12.148,-2.96,13.305378,13.666935,12.764747
57.32549174798,24.14272805314,4.694,-7.671,14.546515,14.996159,13.924546
57.33684096129,24.15284679098,14.063,-7.467,14.37111,14.824543,13.748823
57.18089443244,24.09193153364,-0.744,-6.628,14.910728,15.399582,14.256196
57.25994885291,24.10407878235,0.419,-4.108,14.079471,14.675516,13.338124
57.29683077455,24.13649842048,19.496,-47.65,5.203287,5.185276,5.218389
57.22901544551,24.14136465623,-13.047,-21.788,11.394886,11.727365,10.892781
57.19228100763,24.14904428485,16.585,5.512,13.541298,13.942465,12.911048
57.21318241588,24.18345345869,-7.765,-19.352,14.572833,15.06532,13.916331
57.20473088513,24.20124198659,-4.787,-16.597,14.247835,14.799888,13.469952
57.21488100455,24.2046855351,19.993,-27.83,14.958524,16.36408,13.792335
57.32116827054,24.18335161828,3.977,-5.918,14.479658,14.877377,13.906068
57.3642271062,24.21706240253,2.509,-9.248,14.26391,14.708594,13.644381
57.34758987542,24.21571666127,3.424,-7.835,14.42477,14.830142,13.84813
57.29901140609,24.23547282055,10.884,-34.23,11.823252,12.235933,11.242205
57.32991184977,24.25332435293,1.92,3.658,11.678939,12.287165,10.927203
57.33638275609,24.2653952008,5.241,-11.123,13.444815,13.844605,12.867975
57.67026127293,23.98963364684,20.024,-2.079,14.789889,15.436791,14.015403
57.72154253825,24.05557128721,13.542,-27.564,14.846361,15.345994,14.16586
57.62170273914,24.03500394541,6.634,-15.653,13.138886,13.478878,12.619042
57.62272009167,24.06348469819,-2.61,-14.085,14.083905,14.558661,13.434518
57.65126404888,24.09330879356,-0.472,-2.792,14.581554,15.13252,13.861834
57.66113610088,24.11858308374,-1.772,-4.417,14.392682,14.758562,13.84906
57.76945851732,24.1114053556,3.639,-3.808,12.315372,12.966704,11.538662
57.75549390456,24.18466052922,3.239,-3.031,14.93008,15.359316,14.326697
57.7296108752,24.1972465653,18.857,-43.386,11.425587,11.855159,10.82816
57.5592517408,24.08115939711,-1.252,-5.898,13.832644,14.377951,13.132574
57.54832994109,24.07710500625,1.934,-0.558,14.904314,15.266844,14.358893
57.52424570758,24.10250432373,7.072,-14.245,14.05539,14.483609,13.452079
57.53404286796,24.12326112346,4.777,-9.923,10.860368,11.410234,10.155924
57.52114270787,24.12375084194,18.326,-46.979,13.446994,14.276546,12.548794
57.54757294395,24.13973937853,-4.004,-12.895,14.7707,14.976321,13.134507
57.54061569328,24.14611920953,5.238,2.147,13.27559,13.818673,12.576078
57.59962992568,24.16589081063,6.566,-14.441,13.829392,14.303275,13.194755
57.59944801254,24.18089165528,3.555,-17.963,13.442175,13.961803,12.768074
57.57088646589,24.20627610795,0.334,-9.234,14.649254,15.118941,14.0123
57.62783197175,24.15992344855,20.423,-3.295,14.998461,15.753856,14.144441
57.63591636121,24.18041667542,30.801,-2.368,12.840407,13.292028,12.228183
57.66124585944,24.19588674494,-3.753,-1.447,11.937642,12.228844,11.480346
57.71444270523,24.19205599359,-15.158,-18.562,14.244143,15.051909,13.359755
57.60902056349,24.20273785575,2.935,-13.27,13.714605,14.131069,13.129245
57.59260354211,24.22071624652,11.087,-4.549,12.845298,13.396948,12.140621
57.67208888713,24.23261997525,5.399,-2.478,14.924022,15.490182,14.207394
57.63970993284,24.25521035557,-3.695,-5.396,13.087559,13.358447,12.659998
57.6531200096,24.27140277215,2.423,-4.38,13.28498,13.718285,12.679306
57.82952312548,24.17012515879,20.715,-48.225,14.994947,16.342287,13.846723
57.85680284385,24.15697232693,4.75,-2.459,14.773504,15.132339,14.239865
57.86374232914,24.17444429045,5.13,-10.609,14.961925,15.426838,14.328253
57.80401627557,24.18109479932,2.555,-7.079,14.812929,15.257385,14.197051
57.87709051572,24.20678558174,5.4,0.801,14.133742,14.26376,13.473878
57.80789521114,24.2010369579,1.362,0.475,14.910484,15.309591,14.314565
57.76535996337,24.20307890484,-1.643,-13.958,13.211669,13.56063,12.688737
57.75943429739,24.22247283231,-0.868,-7.517,13.398788,13.767833,12.856411
57.79095935012,24.23022114571,13.489,-10.606,13.769251,14.175423,13.174508
57.82889316793,24.22105075417,-0.447,-2.974,13.947223,14.277806,13.439604
57.84611003887,24.23255440657,1.649,-3.696,14.645211,15.231954,13.909021
57.83375754418,24.25639961746,0.271,-8.178,14.439716,14.808238,13.890921
57.98300505917,24.27861406948,-19.791,-31.452,11.247781,11.582595,10.744225
57.99604568237,24.2977928384,6.474,-2.027,13.463437,13.835909,12.91597
57.97927549016,24.31421820196,-1.288,-7.428,13.309099,13.632798,12.816174
57.84916713047,24.29366426889,2.364,0.948,13.349444,13.99841,12.572695
57.86816815249,24.31149142395,0.607,-0.203,13.507275,14.029243,12.767485
57.87004697744,24.31247533394,1.463,-9.724,14.954099,14.462037,13.567691
57.87011835053,24.31267807882,1.198,-9.645,14.711576,14.406515,13.566429
57.92250433628,24.2989859445,4.908,-2.319,14.963484,15.278035,14.474707
57.7368119331,24.25247120995,8.16,-1.307,13.321126,13.700014,12.768848
57.69965234867,24.27411662436,-1.58,-1.71,14.91046,15.49858,14.172958
57.71893512812,24.30869899035,2.182,-6.897,14.798116,15.237073,14.183582
57.74541884712,24.29905056673,-2.743,2.742,14.334714,14.34852,13.314697
57.73177115128,24.3172245129,8.732,-4.483,14.664374,15.147627,14.016189
57.76036351655,24.34358453693,4.007,-2.794,13.132813,13.438592,12.646939
57.8641597494,24.3332696399,-4.95,-0.313,14.951776,15.332425,14.394708
57.89516042596,24.3718075964,3.562,-10.676,14.158939,14.595448,13.557419
57.87724211624,24.39572439211,0.046,4.207,14.709373,15.125699,14.070453
57.78154040795,24.35830708308,4.9,-4.421,12.22615,12.920392,11.423757
57.79812643881,24.38680048679,18.591,-43.344,14.980229,16.384867,13.798022
57.7746100485,24.38038593941,-4.498,-3.673,14.592391,15.070547,13.948576
57.83434713201,24.382239224,20.452,-16.581,9.968534,10.587471,9.216581
57.82618719063,24.40008163832,8.147,-18.34,13.894043,14.649076,13.047752
57.85627330171,24.42993753334,0.071,-0.671,14.826777,15.342253,14.155435
57.47595471377,24.14773987972,7.766,-3.952,14.329796,14.754421,13.725934
57.50447504697,24.18940663693,3.845,-4.624,13.370003,13.722635,12.839659
57.52542163771,24.21512041543,,,11.241837,11.582868,10.709728
57.54238757431,24.22931135505,4.531,0.594,11.08862,11.679909,10.352394
57.52528738097,24.24296107929,-2.913,-5.655,14.990469,16.027882,13.978876
57.41338942438,24.22744697348,0.345,-3.107,11.698672,12.339335,10.925405
57.43413171498,24.23945959994,2.926,1.239,14.637888,15.034595,14.071936
57.44130507163,24.24581334121,-3.213,-0.849,9.011148,9.850396,8.12092
57.47790921014,24.21829453963,2.882,-8.305,9.145021,9.224711,8.970227
57.48687105806,24.24787289852,9.67,-15.274,13.814596,14.350924,13.120487
57.46485365272,24.24657384437,4.962,-22.148,14.746646,15.181575,14.141673
57.62490185997,24.28264154943,7.172,-12.805,14.619673,15.034596,14.029922
57.587543975,24.30739280997,12.611,6.483,13.869837,14.237393,13.330914
57.54460150691,24.27875239465,-0.328,-0.601,14.466249,15.025056,13.758068
57.54930457305,24.29600394888,-10.178,-15.291,12.945273,13.560731,12.198543
57.53131997512,24.29830909808,1.058,0.633,13.7661,14.112261,13.1325
57.51765054559,24.33076167764,0.253,-6.039,13.268481,13.883942,12.514018
57.55368104569,24.35161554819,17.833,-44.351,14.462538,15.585812,13.379059
57.39868631715,24.2473159947,5.958,-3.977,14.911557,15.373216,14.28157
57.40075779241,24.25930304984,-1.971,-4.047,13.116741,13.430038,12.631556
57.35836849832,24.24749646236,21.249,-46.075,7.955738,8.027872,7.794085
57.37496658869,24.27040708814,-1.665,3.185,13.472186,13.808857,12.957656
57.46681263212,24.3030259534,-2.021,0.173,12.980923,13.27703,12.514225
57.45056382031,24.29731779183,1.742,-1.865,14.980065,15.354172,14.436891
57.40235505705,24.29585956567,18.183,-45.943,11.475932,11.925756,10.860993
57.43105393746,24.3177080376,151.093,-46.581,12.837364,14.461749,11.591206
57.36710058784,24.30996989281,-4.818,-29.169,12.434382,12.8288,11.876336
57.4031300364,24.32882622171,-0.359,-3.818,14.349857,14.746555,13.777941
57.39383975357,24.36629596399,8.875,-5.408,14.300753,14.661025,13.766602
57.47701027385,24.34144536583,-6.647,-7.931,12.472302,12.831393,11.914929
57.48590927642,24.34879407015,19.505,-44.6,7.546007,7.565866,7.475968
57.5012067151,24.35948835991,3.575,-16.251,12.190266,12.499544,11.711465
57.43938243602,24.34846741816,4.423,-12.519,11.868876,12.391984,11.183497
57.47696249567,24.40448138758,-1.827,-3.079,14.451676,14.97009,13.771583
57.67675489342,24.3441607604,-2.381,-7.298,14.456834,14.871879,13.864079
57.64259648428,24.34680687912,34.738,0.226,10.453324,10.832761,9.888539
57.61589468451,24.34790922963,-4.599,-1.457,11.29187,11.911796,10.534244
57.60689529433,24.3767489916,-2.418,-5.733,14.760311,15.256469,14.103781
57.72692660475,24.43098955158,8.086,-16.753,14.743065,15.537234,13.872876
57.71553209911,24.42981456323,5.86,-4.165,14.074251,14.503169,13.474486
57.74111605304,24.44896947203,1.692,-7.569,12.9898,13.382438,12.428911
57.78111155134,24.48085836748,49.497,-39.984,14.510018,15.344925,13.609777
57.70421100782,24.42972907233,11.444,3.67,10.431061,11.02139,9.694398
57.71532570548,24.44404704077,5.571,-5.502,14.607026,14.950251,14.028163
57.69954898041,24.4411568157,-2.511,-4.449,12.986468,13.317947,12.483722
57.74454249839,24.51615747308,-0.687,-0.986,14.103284,14.64188,13.406626
57.7471783444,24.51805893251,11.653,-20.028,13.946907,14.473543,13.263881
57.54164138601,24.43422579755,4.314,-4.318,14.944572,15.309611,14.401276
57.58720760547,24.46654508807,20.346,-45.483,10.915199,11.290863,10.371225
57.58653419048,24.4749361634,4.072,-9.179,12.422201,12.68308,12.001745
57.5996091048,24.47850998226,8.152,-5.949,14.333336,14.675645,13.815202
57.6170141544,24.49538542226,21.603,-22.985,7.409323,7.469169,7.261082
57.5523473501,24.46964266851,-9.818,-13.55,13.11308,13.527015,12.524425
57.6550158826,24.49209471533,2.269,-5.932,14.69667,15.050514,14.151669
57.62877518545,24.48963868307,1.133,-5.512,14.861484,15.479571,14.100115
57.64417563888,24.50757202134,19.844,-45.041,12.286877,12.848716,11.577943
57.6313069446,24.5092864053,1.766,-4.608,10.912104,11.156886,10.50279
57.65849646107,24.54360221297,8.708,-5.82,13.548297,13.856671,13.072617
57.70223286504,24.56339519001,1.682,-3.519,11.942746,13.207505,10.827455
57.61845544897,24.51786689259,-8.307,-12.449,10.837137,11.210071,10.286052
57.63140453397,24.52919286157,-24.754,-24.608,12.965898,13.383361,12.377271
57.61757324272,24.55022126806,12.551,-13.357,14.052766,14.487558,13.450149
57.63015506773,24.55933285958,-0.579,-7.11,14.951301,15.403572,14.329575
57.63678819215,24.56054337643,0.465,-0.396,12.588,13.54569,11.62911
57.67678202744,24.5869283716,7.98,-11.629,13.022004,13.516514,12.361531
57.6640232695,24.60364522715,5.259,-14.13,13.994784,14.413137,13.403112
58.3549981854,24.04393066999,-3.857,-3.974,14.605235,15.0187,14.017658
58.33614847789,24.05520862278,4.375,-2.976,14.6968,15.05809,14.126861
58.31274029467,24.08184092791,81.121,-104.319,14.561934,15.164829,13.810996
58.34887161451,24.06483661401,19.433,-45.3,11.173697,11.588182,10.590354
58.36040224003,24.09010298762,,,14.2671,14.302553,13.366394
58.36989371438,24.11754725167,8.76,-2.297,11.30834,11.968823,10.527629
58.39098609634,24.10519867364,10.864,-2.43,13.9281,14.351914,13.32948
58.37404604807,24.12654609413,1.422,-3.889,13.071884,13.379222,12.592431
58.36440179328,24.12876497486,0.195,-2.355,14.684945,15.104467,14.08687
58.29358702942,24.09590521352,-3.803,-3.132,14.991713,15.229926,14.387912
58.25300020509,24.11319557913,13.942,-9.423,12.249949,12.606043,11.72346
58.27288311507,24.11433861108,2.328,-4.845,13.810694,14.394013,13.08402
58.33651839142,24.12288387202,6.184,-3.366,14.410073,14.814943,13.831821
58.29343414645,24.15120449246,0.64,0.472,14.224297,14.810072,13.494353
58.21454461492,24.14180433227,-1.523,-4.297,12.902949,13.259403,12.374391
58.2374562594,24.15516844558,4.285,-31.821,12.220595,12.58413,11.692152
58.2194536507,24.15820331424,13.007,-10.526,14.831911,15.421124,14.090311
58.35351399045,24.1716967229,-0.803,-1.91,14.941827,15.287507,14.420565
58.32836169538,24.20010684512,2.907,-0.508,13.669516,14.251629,12.942394
58.32884563036,24.22253737346,33.565,-13.846,13.681426,14.168613,13.033751
58.37829612256,24.24899680122,5.918,-23.227,14.678701,15.220334,13.97967
58.37620227082,24.29038177588,0.119,-1.091,14.784232,15.342847,14.075631
58.16631187232,24.17056938094,6.844,1.249,14.18508,14.549082,13.647951
58.25260721421,24.20415453438,-1.794,-2.489,14.257895,14.639429,13.710223
58.26582272101,24.21509412843,-1.44,-3.546,14.433375,15.00088,13.718722
58.25276427424,24.22235328945,2.277,4.002,13.525926,13.902724,12.975828
58.14638038711,24.21791812246,0.648,-0.846,14.296737,14.925611,13.534307
58.18469941585,24.23696934323,20.506,-11.358,14.62214,15.19042,13.904837
58.19224352434,24.24631104272,3.808,-2.46,14.23128,14.565125,13.72346
58.19328818428,24.2791809599,11.54,-9.91,12.103781,12.614607,11.430418
58.2641668182,24.25089157889,1.142,-0.491,10.218074,11.004964,9.356117
58.23875285923,24.29767383792,-1.307,-6.288,13.364091,13.659257,12.90397
58.21183034674,24.28597727204,-5.135,-5.761,14.454602,14.926701,13.817589
58.09701934183,24.27142282241,5.799,-3.748,14.872117,15.31546,14.256248
58.09292944487,24.28926173478,3.484,-4.882,14.971372,15.37609,14.394616
58.14872035732,24.26803935863,-7.4,-1.105,14.167524,14.510145,13.647172
58.11598855701,24.31069583078,10.952,-7.0,14.990047,15.385041,14.417827
58.12672844846,24.31872309019,-1.869,-11.889,14.855038,15.226378,14.30707
58.13596610714,24.33385731536,7.044,-4.022,12.717647,13.17088,12.097891
58.05598292148,24.27322898293,2.885,1.314,14.44494,14.92564,13.794258
58.08519589896,24.2902146533,3.462,-0.626,14.311725,14.551537,13.91578
58.04747649059,24.31607959155,2.296,0.717,14.234945,14.741447,13.564811
58.05298113829,24.32929836958,30.218,-19.615,11.801191,12.268606,11.178108
58.06263834149,24.33983939971,31.823,-20.652,14.638678,15.843562,13.547217
58.17512557301,24.3280154567,-0.974,14.935,13.741561,14.259935,13.066224
58.15992835482,24.3461871857,6.372,2.67,14.368152,14.674853,13.887847
58.1678729802,24.36209884485,0.835,-0.627,14.30886,14.870435,13.592611
58.20735477704,24.36265932546,-9.134,-19.361,13.823544,14.217557,13.259897
58.20373099429,24.37445875603,16.632,2.037,11.511684,11.833902,11.021626
58.12120074335,24.37608972229,95.146,-24.16,12.888968,13.442162,12.191023
58.18747547953,24.4283041074,1.966,-3.425,14.228341,14.497573,13.795116
58.16418317596,24.44164996469,-4.334,-6.581,13.815495,14.124835,13.334164
58.18368429912,24.4501042282,26.652,-30.88,14.336217,14.812334,13.697248
58.32507813077,24.34697969252,7.014,-5.363,13.092181,13.411018,12.598972
58.31819132707,24.35738092804,-1.512,2.604,11.964531,12.279582,11.480233
58.31060812008,24.40898677077,-4.268,-8.686,14.366126,14.757134,13.804956
58.2960947954,24.4169074858,7.024,-2.972,13.256137,13.689075,12.661032
58.25556289031,24.41405509952,1.387,0.49,13.908072,14.390443,13.176411
58.30686462981,24.43306807376,1.446,-0.888,14.718148,15.287624,14.008093
58.28322909866,24.45189477892,-1.334,-7.062,14.239503,14.595396,13.713603
58.21503712709,24.48319382537,-2.034,-0.132,14.861083,15.175996,14.37195
58.30250409275,24.51244581184,26.209,-30.29,13.270164,13.726498,12.640079
58.32228905646,24.50731149824,30.121,-23.707,14.729292,15.078519,14.205863
58.31455868387,24.50881751033,1.257,3.07,13.766377,14.09907,13.195942
58.31276527941,24.54797543135,12.569,30.375,13.769372,14.412411,13.001461
58.02285184711,24.32769175639,4.736,-17.375,12.482392,12.853293,11.946493
58.03887217095,24.33719604632,4.185,-1.556,14.620901,15.048367,14.024386
58.00955587999,24.36313812013,25.057,-46.822,14.482751,15.479069,13.491438
58.07692625698,24.38011269939,-1.203,-4.861,14.967127,15.310976,14.451906
58.08241648906,24.38386098733,1.913,-5.808,14.187455,14.470023,13.739481
58.05341345139,24.38173303097,,,14.742627,14.879976,13.918195
58.07184980208,24.40021625127,0.498,-1.157,10.188653,10.738359,9.485692
57.94809788899,24.3624844692,-4.726,-2.289,13.039497,13.565962,12.356998
58.00292606701,24.38238766863,4.115,-4.838,14.699455,15.054737,14.163183
57.98670052917,24.39190883612,4.083,-122.403,14.468292,15.948844,13.278109
57.9725395874,24.38676162475,20.077,-46.265,12.341359,12.929286,11.599124
58.09299212051,24.4036541295,5.963,-6.037,14.659784,15.033752,14.114233
58.07210331082,24.40720476798,1.369,-0.475,14.20827,14.790601,13.480976
58.07884623635,24.41195103561,-0.91,-2.224,14.749786,15.111638,14.212036
58.10274312164,24.43187730824,57.214,-31.735,13.567599,14.129085,12.860742
58.14619637756,24.49112678111,0.086,-5.912,13.582391,13.915717,13.076522
58.02177815849,24.45348323811,6.64,-7.283,14.957801,15.391878,14.351229
58.09332959973,24.46978582326,,,13.573043,13.883603,12.817934
58.08551079364,24.47257686811,-3.592,0.251,13.998178,14.335072,13.489184
58.07696173529,24.48396405821,2.729,-2.4,14.545792,15.052683,13.879289
57.93397867951,24.43180840433,2.743,-3.209,14.608867,14.8687,14.19029
57.88811128583,24.48666112472,6.316,-3.368,13.899006,14.238649,13.388219
57.9113945073,24.47699105079,3.093,-3.487,13.652118,13.994117,13.141583
57.91835921711,24.50116840251,6.406,-7.429,14.436972,14.876585,13.832721
58.00551538424,24.47837197484,7.715,-6.256,12.602855,12.915988,12.123091
58.01948746762,24.47836108538,4.562,-2.896,14.78686,15.323781,14.092695
58.00158494806,24.49731641944,-9.0,-5.147,13.343642,13.723755,12.791627
58.02916066732,24.54764525232,3.721,2.642,14.302465,14.590993,13.844915
57.96643134795,24.52518254619,2.741,-2.429,14.581942,14.887473,14.112762
57.93029310499,24.55169608782,8.532,1.932,12.543535,12.85575,12.066055
57.96456382859,24.56024154252,5.233,-2.121,14.976337,15.39136,14.394506
57.98534875733,24.56827263513,-9.589,5.082,14.552863,15.108182,13.848708
58.00549757775,24.60448513139,3.634,-4.59,14.8718,15.491742,14.11959
58.20246457843,24.48437085863,9.995,-30.186,14.223397,15.029605,13.34428
58.19109043133,24.51657519444,1.542,-7.68,12.056349,12.70396,11.284266
58.1857668348,24.53380752465,5.658,-5.748,14.760746,15.201405,14.157184
58.13274519707,24.5459531776,21.812,-15.491,14.038097,14.414619,13.485786
58.15473522759,24.56294165649,0.78,-2.179,13.682783,13.98301,13.217516
58.20428604036,24.56163870804,-0.701,0.64,14.05268,14.312482,13.448765
58.20056480675,24.56274458865,-0.024,-3.509,12.533857,13.024828,11.880343
58.21342788519,24.58626333979,-0.164,-0.837,13.939437,14.698065,13.090733
58.16591401759,24.60190691678,2.858,-1.482,12.759583,13.408197,11.986013
58.29382222404,24.57845393491,1.425,4.519,14.744331,15.10097,14.212499
58.2197191889,24.59723437223,1.435,-0.742,14.454492,15.071643,13.699886
58.20251709319,24.61091110296,0.06,-5.903,14.311581,14.760666,13.69487
58.20095311666,24.62249252568,3.203,-2.387,14.0052,14.349153,13.486918
58.10899652775,24.56899318839,4.477,-4.709,14.004106,14.323333,13.517459
58.08614920432,24.56530417495,18.501,-44.616,14.509749,15.654358,13.441506
58.12491153564,24.57491588778,,,14.113494,,
58.12481009124,24.57471785848,-0.003,-6.605,12.637316,12.76868,11.872203
58.11333089456,24.57994340595,0.604,-0.467,14.536706,15.049843,13.864687
58.09951512556,24.58094203103,-1.75,-2.266,14.483046,15.026884,13.78729
58.14200496225,24.65410606776,3.857,-7.397,12.473069,13.099371,11.714245
58.22291567604,24.71553110368,18.176,-45.041,9.341612,9.580916,8.942785
58.16680645001,24.70600683147,3.636,-0.04,12.318255,12.763586,11.712179
58.14806243055,24.71061719087,,,11.301326,11.481987,10.591334
58.12137779079,24.70422956751,-3.249,-6.31,14.692245,15.131875,14.084027
58.17539260778,24.71462261573,5.716,-23.653,13.398412,13.806657,12.814903
58.15717732856,24.74843526769,56.315,-42.737,13.218964,13.830956,12.45743
57.81213132599,24.49923215915,0.411,-1.446,14.723307,15.052728,14.223414
57.80726585992,24.51847969111,3.707,-9.924,12.173843,12.4466,11.741344
57.84765282152,24.52627640163,-2.995,-10.583,13.447122,13.812457,12.911654
57.86348961017,24.51844875471,19.747,-45.451,8.769578,8.962629,8.428415
57.86623675603,24.56339487219,12.78,-37.719,11.500051,11.780903,11.049568
57.81306695324,24.58017594614,3.194,-1.245,13.937431,14.365117,13.335235
57.82769530434,24.59010136213,-1.969,-1.178,13.03075,13.312596,12.584977
57.91375038406,24.54869612564,21.231,-46.059,12.009029,12.538474,11.315678
57.90827574263,24.60220413781,-4.502,-4.263,13.779953,14.156146,13.209139
57.95125186326,24.62542849235,17.147,-11.552,12.958269,13.358769,12.385246
57.89051437683,24.61201586134,17.096,-9.758,12.706135,13.155075,12.092571
57.88485010548,24.61859159453,-0.215,-0.526,12.507923,13.244975,11.675306
57.83820557499,24.62708008017,18.205,-13.706,14.140178,14.657666,13.470011
57.91949108084,24.66911910479,-15.74,0.965,12.050021,12.385675,11.530441
57.73863953812,24.5482150642,0.127,-10.002,12.738371,13.116348,12.188634
57.76529603799,24.59830826166,0.041,-7.313,13.473409,13.906085,12.871355
57.70680921589,24.58445662013,4.318,-1.418,12.798186,13.262893,12.169471
57.75052655847,24.60260063312,7.01,-11.983,14.83226,15.264077,14.220779
57.79753363982,24.59322638426,12.629,2.292,8.908036,9.560747,8.126416
57.7948624413,24.60535300193,3.409,-3.647,14.299307,14.686459,13.738563
57.77377320398,24.67558437108,-2.593,0.802,10.960247,11.5843,10.199311
57.73959804061,24.66588291352,12.524,-14.57,13.521215,14.027189,12.857636
57.74575180885,24.68077193538,4.076,-8.267,12.798434,13.17562,12.252077
57.72542405317,24.68577637634,1.91,-3.782,14.651107,15.162252,13.977865
57.85089519445,24.66664262918,3.621,-8.89,12.690875,13.091206,12.119488
57.90450103971,24.71140054708,2.813,-0.941,14.909797,15.421628,14.23307
57.86553559367,24.71920114211,-1.981,1.104,13.693251,14.052906,13.161228
57.76069874792,24.69903173024,3.122,-20.798,13.181912,13.653036,12.552926
57.79944856678,24.75036724729,44.068,-8.865,12.929891,13.315709,12.371225
58.00941283209,24.66306323376,18.559,-40.844,11.72935,12.279316,10.847568
58.01053533089,24.67752661254,-7.402,-5.254,14.167821,14.544988,13.618461
58.07027238907,24.72478080542,5.194,-3.968,14.156713,14.527373,13.617881
57.95842943098,24.67812049048,0.694,-1.78,14.378696,14.93668,13.669798
57.98314544849,24.68388838828,0.376,-5.219,13.751951,14.087536,13.243783
57.98144810279,24.70903487227,2.403,-3.045,13.752046,14.055696,13.279788
57.94210590939,24.7267935091,2.761,-1.381,10.608403,11.734547,9.556429
57.96276482882,24.72945645513,26.881,0.946,13.153502,13.508735,12.627394
58.01608079817,24.73684074695,0.577,0.001,14.724251,14.842145,14.509726
57.9889705874,24.73070249208,3.535,-5.34,13.722342,14.047485,13.223198
58.09405523694,24.72816899997,25.84,-14.529,12.826124,13.31524,12.182847
58.08203803643,24.73492341731,2.443,-9.206,13.666953,13.977124,13.18457
58.13331437668,24.7717729321,6.207,-10.221,13.875086,14.283943,13.297702
58.1221255472,24.79405789568,0.102,-0.687,14.995651,15.600544,14.251547
58.05939218509,24.82716337386,1.144,0.212,14.96837,15.302505,14.457707
58.08963846746,24.8415503156,6.631,-5.239,14.535587,14.883847,14.015308
57.93270235403,24.73038418172,-3.231,-5.854,12.077544,12.268594,11.753633
57.94026959062,24.74373317456,4.695,-6.951,14.100927,14.507227,13.520715
57.98067433758,24.78521006359,4.282,-1.185,13.089926,13.428151,12.582154
57.94434851507,24.77624591831,7.249,0.176,13.731157,14.132602,13.164992
57.85786918508,24.7939525791,19.725,-46.496,14.976172,16.478016,13.760519
57.87469641856,24.80728279496,4.712,-4.787,14.258338,14.591263,13.752945
57.92812526222,24.81667118972,-1.8,-3.714,14.741591,15.193594,14.122615
57.99170863936,24.83346479311,2.977,0.933,14.532455,14.86029,14.030627
57.97889358762,24.83021279943,4.215,-10.091,12.337118,12.61174,11.904753
58.0743493088,24.8541477634,-0.16,-4.912,14.957741,15.292688,14.445029
58.07723934857,24.85923462186,7.812,-11.74,12.239724,12.723744,11.599366
58.0801882878,24.88348210607,-7.837,-33.09,14.724346,15.634851,13.779937
58.00967919453,24.869644288,4.244,-4.432,14.805088,15.160871,14.274331
58.05364079432,24.9038178464,0.041,-1.705,14.522846,15.047414,13.815651
57.98218187524,24.85618549131,-1.346,-7.389,13.758883,14.262095,13.094143
57.96561824885,24.87122764504,2.33,-1.754,14.818674,15.460149,14.039845
58.00556608596,24.8793155025,-2.215,-3.94,10.941912,11.484216,10.244955
57.96816959328,24.91027148142,-1.475,-8.31,11.003439,11.274151,10.568082
58.16902043024,24.80302724138,21.422,-33.553,12.171431,12.518803,11.654803
58.15017676226,24.82395374776,3.022,-3.412,11.7794,12.472521,10.975715
58.15225443151,24.88156223245,1.33,-1.369,14.91637,15.206366,14.455709
58.12748022125,24.90161785877,4.097,2.648,13.573572,13.915153,13.060797
58.11235466025,24.95437924058,8.186,-4.603,14.456572,15.030484,13.723887
58.07380232808,24.95838129739,0.971,-0.287,13.353347,13.8995,12.657125
58.01646609137,24.95833671051,11.291,3.003,14.630826,14.977778,14.114819
56.97297917758,23.99851019009,10.825,-37.82,13.80515,14.208552,13.223275
56.9246317544,24.04108639583,3.656,-3.719,14.813768,15.215948,14.211877
56.94337881611,24.05048171834,20.173,-46.514,14.752962,15.965364,13.655684
57.02059385297,24.07175782899,-9.698,-6.245,11.743626,12.483207,10.907469
57.07533888808,24.09676556302,3.191,-2.603,13.073351,13.832068,12.222128
57.00716403144,24.08789524992,-3.31,-2.515,11.344676,12.215751,10.43018
56.99745261959,24.0988126479,-7.874,-19.017,11.297221,,
56.9970063193,24.09914683572,-7.514,-20.57,10.187555,10.461978,9.698644
57.02995559056,24.14185767971,17.901,-46.44,9.440848,9.439773,8.720302
57.0473118785,24.14590717185,1.485,-6.318,14.875872,15.526623,14.089879
57.06989589513,24.17805988269,9.874,-1.429,13.884195,14.289513,13.303165
57.0109264285,24.17701423039,5.876,-2.87,14.532397,15.023204,13.876404
56.83676093639,24.08034581614,-3.996,-7.575,12.631272,13.206887,11.908975
56.85273970848,24.09129593575,-4.159,-12.287,13.740361,14.239715,13.072465
56.87125084726,24.10493447523,,,2.896132,3.026533,2.87819
56.9198408839,24.13802467749,-3.28,-17.595,11.513255,11.983556,10.875618
56.93287081556,24.14763507829,-4.197,-4.584,14.544308,15.175506,13.770555
56.91382116331,24.14595019247,5.28,-3.446,14.541917,15.049698,13.857307
56.91815854705,24.14925654936,6.472,-1.797,11.319205,11.922472,10.574746
56.82506416685,24.10059765672,34.696,-37.693,14.361165,14.892801,13.664693
56.83776002021,24.11606748364,20.344,-45.076,6.29883,6.292354,6.28298
56.81060309169,24.1180181704,-5.026,-4.144,13.370591,13.729063,12.833958
56.81909229562,24.12815593702,,,8.624058,8.844644,8.207659
56.83070036888,24.13892013262,19.017,-43.928,8.243902,8.362129,8.008208
56.89457017317,24.17996378756,-1.106,-3.301,14.827992,15.334916,14.150197
56.85834762258,24.20384586577,5.798,-11.068,14.902683,15.670734,14.034386
56.96064075892,24.16840889705,1.868,-3.96,14.502344,15.048719,13.597576
56.98412491835,24.20568799488,5.859,-26.782,13.856643,14.408484,13.153071
56.93767882713,24.21975130224,0.866,-10.044,14.01512,14.468022,13.39347
56.89811475608,24.21536470595,-0.138,-1.939,11.989368,12.65027,11.204251
56.87673978721,24.21676991493,13.705,-6.589,14.86617,15.34223,14.220082
56.9524430455,24.25199117261,6.374,-1.727,13.951586,14.457444,13.275609
57.12693865038,24.14877695412,0.648,0.082,14.835606,15.455191,14.075097
57.14507762985,24.18098260492,,,9.011541,9.200595,8.528551
57.19570058537,24.2061435383,34.523,-44.724,14.951322,15.316855,14.399514
57.20583268103,24.21937606742,-0.988,-11.37,14.969473,15.422337,14.342641
57.15295064127,24.21996730749,6.893,-15.12,13.10118,13.415245,12.58119
57.1015184433,24.20628976109,-0.698,-3.093,14.143867,14.524863,13.507707
57.12469629364,24.26393986419,-0.357,-7.5,14.789362,15.356372,14.063936
57.12932947415,24.27414313529,16.669,-10.245,10.98984,11.629357,10.218056
57.1294732995,24.28127310518,20.56,-46.529,14.94409,16.259766,13.808888
57.24551506811,24.26784757661,1.673,-11.421,13.23594,13.803703,12.522185
57.20406155769,24.26717377103,17.792,-47.539,10.705853,11.158739,10.089388
57.21427964713,24.2909771478,-5.293,-9.199,13.121966,13.559937,12.514249
57.26821887281,24.31776630784,-2.706,-12.853,14.798194,15.314699,14.120842
57.18041391381,24.32316381183,2.487,0.654,12.627186,13.334529,11.811972
57.17736761797,24.3313108396,7.216,-6.294,10.428952,11.111337,9.633142
57.17218898885,24.33219166747,6.633,-10.496,14.465327,14.918229,13.826945
57.22840529463,24.30757088714,0.899,-5.405,14.208586,14.744966,13.513083
57.23905340917,24.32864061635,19.009,-45.446,14.699243,16.110651,13.530191
57.19442364117,24.3219831593,7.319,-6.707,14.146195,14.573648,13.551025
57.1915050715,24.32875360087,-0.098,-5.592,12.829763,13.153331,12.283069
57.20345234755,24.34230476934,2.578,-1.419,13.840199,14.496343,13.059824
57.03817070733,24.24628062157,0.496,-24.288,12.490097,12.878471,11.924151
57.11020600758,24.30769919509,-1.954,-5.651,12.128654,12.327617,11.7905
57.06487156442,24.28445514559,-4.473,-5.097,14.317908,14.844597,13.628727
57.07000193512,24.29316955377,11.431,-5.128,12.649954,13.058713,12.067607
57.02709575181,24.28841052909,2.348,-5.801,13.981269,14.44238,13.347322
56.9809497333,24.30206635283,0.36,-5.038,13.540447,14.010031,12.902206
56.97092156724,24.30683988319,7.933,5.109,14.729293,15.164809,14.049184
57.05657664729,24.31821242807,17.894,-41.116,8.214289,8.388234,7.886941
57.04171050772,24.32809698513,6.708,-1.579,14.83149,15.329145,14.129022
57.12549941432,24.3453246248,19.609,-45.356,6.939808,6.993091,6.811228
57.12606366071,24.43028875552,-4.066,-6.099,12.886996,13.175921,12.437915
56.76048508678,24.149991011,0.856,-1.523,14.433147,14.734505,13.954827
56.76502117318,24.15948737687,19.333,-44.725,13.826407,14.762202,12.866948
56.81378280664,24.19313205122,28.601,-12.603,12.193225,12.597791,11.612547
56.79638686364,24.20545721642,-1.21,7.815,13.600222,13.993491,13.030582
56.79316275508,24.25750904062,1.49,-0.114,14.073826,14.799992,13.244698
56.79198814384,24.27645362281,19.959,-44.498,9.376594,9.618052,8.972963
56.8633304411,24.22766322557,1.894,-3.106,14.538857,15.173152,13.768368
56.8951187043,24.26168954677,2.628,-4.315,14.356377,14.902584,13.652602
56.87281395749,24.28813024633,18.551,-46.922,6.815936,6.841812,6.740395
56.9295937083,24.28208499848,1.227,0.717,11.689749,12.101926,11.101952
56.91832612972,24.30173654543,19.475,-47.069,13.26761,14.080364,12.376759
56.86565009643,24.34791070134,7.001,-17.2,14.433566,15.018968,13.704973
56.85870152397,24.36556244723,4.808,-0.331,14.168874,14.718805,13.465432
56.68175637482,24.25759493132,3.751,13.117,13.840791,14.514547,13.023956
56.68118715286,24.25686983592,4.402,12.643,13.06303,13.545093,12.404924
56.67842378135,24.27928176856,7.542,-0.427,14.688641,15.178681,14.033396
56.72344711252,24.2872941769,19.249,-47.504,14.973033,16.493011,13.771814
56.70128000177,24.30167858241,-6.87,-6.034,14.664261,15.512289,13.75994
56.63460177564,24.28186671868,-1.073,3.731,14.479829,14.956175,13.832231
56.63202731032,24.32365101316,5.56,-14.213,13.245388,13.674261,12.642132
56.68407748593,24.31273491117,1.97,-17.56,10.444639,10.67802,10.057265
56.65554223667,24.3433389321,22.38,-45.516,12.441148,12.528202,11.134912
56.65527358643,24.34330900053,16.381,-44.762,12.744133,,
56.66603209317,24.35139115104,8.947,-16.56,13.016461,13.451246,12.412019
56.6902927064,24.34155916754,6.794,-9.865,12.580366,12.974468,11.875113
56.68983223338,24.34185544805,6.699,-9.805,13.39611,,
56.74846658205,24.3312917499,-1.419,-6.304,10.918426,11.623302,10.102387
56.8253562308,24.3905652358,21.257,-45.555,12.229151,12.911525,11.428227
56.83658364068,24.39499005387,7.481,-4.446,14.916883,15.446274,14.225369
56.75590737794,24.373230974,2.383,-6.265,13.153173,13.805346,12.341194
56.74838521137,24.38436318763,0.184,-7.976,10.691979,10.929103,10.301795
56.79469387663,24.43596861068,14.501,-16.459,13.20607,13.682437,12.558004
56.9884566761,24.32981094607,-7.556,-7.259,13.334884,13.74813,12.733372
56.93073867045,24.31803793257,-2.402,-5.475,14.36287,14.75922,13.79253
56.96236793432,24.36739016748,-0.971,-2.422,10.731317,11.562934,9.834588
57.02123383477,24.3926018094,-15.042,-27.216,14.795305,15.581259,13.928052
56.91861653211,24.36435608057,19.317,-45.455,10.402332,10.743448,9.896464
56.87755475113,24.3703346529,19.619,-46.591,14.798532,16.045107,13.697297
56.90363997725,24.383569052,1.737,0.428,14.570772,15.004315,13.958616
57.02938731865,24.45333166472,1.037,-2.058,14.200854,14.465307,13.779413
57.02957747067,24.47403318136,15.706,-24.057,11.815041,12.356634,11.110085
57.07214182983,24.50422072393,19.948,-46.22,13.717735,14.627194,12.773757
56.88147345363,24.39926803507,5.409,-3.129,14.737822,15.391186,13.950226
56.85259877388,24.39565797369,3.922,-1.582,13.51322,14.243617,12.683666
56.87119983823,24.43301144605,5.965,-5.674,11.12468,11.961022,10.234936
56.82751391888,24.45371819035,2.234,-1.022,11.171311,11.811866,10.398473
56.8678227494,24.46649170089,-1.599,4.855,14.157163,14.598646,13.541761
56.89151492931,24.50420022617,-0.231,-1.492,11.871995,12.608945,11.039088
56.87493974509,24.49246052191,-2.528,-9.091,14.272439,14.639582,13.731485
56.86239117734,24.50884299982,4.37,-6.64,12.836014,13.200395,12.29552
56.93535657212,24.4844218911,2.199,-1.466,14.82472,15.28587,14.195962
56.98460073039,24.49030269406,1.257,-1.663,14.986351,15.336832,14.433289
56.99809086155,24.50561649672,75.874,-59.194,13.99714,15.150327,12.915525
56.98309301055,24.52667135843,5.542,-5.917,13.442255,14.004296,12.728603
56.9042915414,24.52460262112,-1.085,-8.39,14.970145,15.4927,14.295494
56.89785981625,24.53605368009,-8.34,-10.762,9.768662,10.596446,8.882801
56.90557835082,24.57738923824,14.673,-13.067,14.016832,14.61058,13.283118
56.96140329427,24.57100688159,6.605,0.033,13.056243,13.430673,12.508254
56.97756977502,24.57574769081,,,14.433137,14.139887,13.116323
56.97749506013,24.57581694337,,,14.37914,14.137978,13.115039
57.31541204693,24.3432105682,4.02,-2.65,14.769681,15.226387,14.141447
57.28594651589,24.32277102239,1.563,-8.63,13.797874,14.222143,13.196583
57.28695818165,24.32464063814,-2.75,-1.754,14.660855,14.998515,13.886106
57.37567637992,24.38462150228,-0.891,2.009,13.610947,13.927383,13.124303
57.34071662083,24.38075238779,18.567,-45.348,6.604883,6.582264,6.61482
57.28613593026,24.36932660908,-2.828,1.135,14.277926,14.608681,13.772984
57.27519230632,24.39807423361,,,13.112294,13.617234,12.410423
57.29830801865,24.3854096178,25.748,-17.17,11.813524,12.137517,11.316917
57.32010689707,24.39593347467,19.736,-44.081,7.525846,7.561352,7.428444
57.32500174466,24.41479370252,0.182,-8.838,11.656339,11.972838,11.169965
57.42278987322,24.41492819147,2.597,-22.389,11.944245,12.279793,11.443783
57.42246261119,24.43321367118,4.9,-5.208,13.419106,13.708036,12.955329
57.42125090733,24.46080625799,2.148,-6.492,14.482525,15.028276,13.787603
57.42624525739,24.462799736,18.676,-46.772,11.899782,12.410251,11.228242
57.41198695919,24.45851322934,3.414,-6.052,14.092955,14.711573,13.338487
57.37639642584,24.4725702958,-3.285,-5.93,13.182074,13.590485,12.545464
57.38859771847,24.4764533826,2.477,-15.094,14.865242,15.362262,14.205737
57.40532740564,24.47924318061,4.664,-3.122,14.907342,15.259962,14.376347
57.3797709324,24.47877214267,3.566,-5.313,13.549454,14.087549,12.854097
57.39511156118,24.48743800054,1.784,-2.788,14.764461,15.146775,14.202834
57.4024456101,24.50423228543,-2.385,-0.415,13.541387,13.835744,13.075126
57.39887368597,24.51552834864,5.26,-3.434,14.570744,14.970323,13.996244
57.28142414843,24.47763906443,2.302,-23.834,13.979942,14.426282,13.366398
57.16836648276,24.4555515931,11.464,-3.812,11.764711,12.079422,11.274973
57.17600711061,24.46689092594,21.24,-21.924,14.692479,15.191781,14.030507
57.18019089218,24.48322404501,-10.881,-13.631,13.381674,13.733544,12.85412
57.31058529654,24.47879514366,1.698,1.617,12.424397,12.727549,11.953059
57.34213295131,24.52580492625,5.07,-4.191,14.639539,15.01412,14.094547
57.36525467918,24.53152918709,21.12,-43.835,14.890118,16.249926,13.742282
57.36167625474,24.53023464216,5.748,-4.163,13.373423,13.930303,12.665998
57.35689744933,24.55122629341,-3.369,-5.63,14.838351,15.16579,14.318852
57.2284390682,24.54276989997,-3.458,-1.44,14.690366,15.08706,14.124919
57.226413952,24.54565055915,10.028,-6.658,12.440885,12.792182,11.919465
57.31420347455,24.56707217101,18.095,-46.94,13.430262,14.295788,12.497025
57.31560830904,24.57778546442,6.089,-6.508,14.524482,14.911966,13.962808
57.29400437694,24.57839606856,5.718,-2.285,14.758577,15.348283,14.025838
57.50787547074,24.50005940312,2.413,-1.032,13.799552,14.360222,13.089541
57.48724863643,24.50306786397,-5.508,-6.587,14.649931,15.119035,14.017706
57.45398776203,24.49632706783,6.835,-18.408,14.989557,15.414266,14.38804
57.46820897348,24.50821925633,2.807,-13.056,12.481769,12.812925,11.982163
57.55177538412,24.53272638784,19.107,-45.535,12.732842,13.386664,11.953037
57.49857691651,24.53181744632,1.165,-2.842,14.728251,15.040049,14.247959
57.44124148161,24.52675954817,-15.057,-14.179,13.583674,13.984283,13.015389
57.4879156383,24.5890213385,2.661,-2.551,12.874437,13.196158,12.384364
57.57075876763,24.57305711265,24.007,-73.383,13.164582,13.949236,12.297175
57.59091352282,24.60070142668,2.881,-8.771,13.863817,14.21467,13.340488
57.58183049374,24.63043076873,2.047,-0.028,14.075606,14.633287,13.370933
57.6146863359,24.65724868026,5.328,-0.684,12.93111,13.604939,12.138379
57.61214473026,24.65709981955,24.328,-21.344,13.494304,14.099222,12.75009
57.55402682316,24.62868895235,-1.951,-2.344,11.323419,11.572423,10.915885
57.51892084789,24.62430252877,10.337,-24.24,12.712673,13.151187,12.100613
57.50959605666,24.63696664345,1.104,-0.316,14.731457,15.295546,14.01731
57.51592833717,24.63958840217,2.583,-3.204,14.612204,15.252069,13.842524
57.59958826236,24.65453875735,8.238,-2.077,14.63505,15.036062,14.053922
57.58386748155,24.66029336702,8.511,-11.075,14.681894,15.067433,14.117779
57.56523112114,24.66675124086,-1.183,-8.093,9.19937,9.379162,8.869646
57.41817266933,24.57763222929,-0.336,1.341,14.108289,14.474184,13.567351
57.36895173596,24.5762868021,5.648,-8.238,14.191484,14.572096,13.637473
57.38715072079,24.60775258689,1.294,0.809,14.710467,15.285262,13.98871
57.38549102241,24.62549158595,11.275,-30.404,14.994905,15.563895,14.270235
57.38929785559,24.62974303518,6.73,-7.107,9.427763,10.137321,8.61274
57.39564484239,24.64615775737,0.519,-2.298,12.909425,13.326924,12.322337
57.38831989444,24.65694725481,2.412,-0.967,13.110335,13.411427,12.635284
57.41544313006,24.6829567476,25.205,-14.731,13.126117,13.565905,12.517766
57.51817295146,24.67124035953,5.061,-4.147,11.926353,12.264037,11.414368
57.51717919615,24.69724211999,47.25,-24.774,12.751808,13.166787,12.168266
57.43752866447,24.70425944266,-4.981,-8.741,14.165386,14.556675,13.602824
57.41408624828,24.71026374796,1.675,4.655,14.426239,14.817225,13.863358
57.09107105479,24.50677536344,4.237,3.002,14.63543,14.956381,14.141078
57.19953188395,24.54392074866,-1.996,-2.91,13.596205,14.0238,12.996429
57.18509781761,24.54105858045,4.269,-6.317,14.176019,14.469117,13.491759
57.13583893009,24.6047813883,16.157,-6.195,14.351007,14.748129,13.775085
57.23684326643,24.60300485173,1.656,0.069,13.706596,14.365849,12.924942
57.26616018089,24.60887165825,5.891,-3.782,13.969242,14.313932,13.452146
57.17633064847,24.62091714188,36.301,-2.887,14.618567,15.552858,13.641232
57.17155479518,24.62096879531,35.006,-6.251,14.241966,14.998242,13.396242
57.20320974019,24.63483338251,-10.894,-19.638,10.566019,10.858653,10.108126
57.23357346363,24.67711463769,0.42,0.294,14.053962,14.623134,13.318485
57.20876177473,24.66571353027,-1.42,-5.582,14.847554,15.281975,14.237624
57.03957137234,24.55668826384,2.999,-5.47,14.357517,14.733252,13.809513
57.01625028089,24.60009003688,9.351,-3.716,13.901332,14.311789,13.324433
57.05115187474,24.61100211451,1.149,-18.681,13.982006,14.480679,13.323927
57.07988928864,24.63099549454,-2.351,-8.188,14.49051,14.893728,13.911158
57.00269069567,24.5962735324,8.885,-1.123,14.238893,14.631159,13.669556
57.00402264018,24.60393457498,1.845,-2.693,14.974047,15.439343,14.340486
57.13687357005,24.65770728879,0.424,-6.888,12.820258,13.134188,12.342356
57.16417955124,24.68257306566,-20.36,-9.197,11.598204,11.957024,11.068928
57.18988959541,24.69790868631,-6.733,-9.344,14.951773,15.503612,14.252761
57.18777554948,24.70234611397,12.165,-11.237,13.430656,13.840519,12.848446
57.18452019859,24.71326998479,-0.258,-2.919,13.392759,14.179791,12.530372
57.08360409459,24.67493523176,19.364,-16.057,13.222808,13.642735,12.630938
57.29898892437,24.63638142989,20.683,-44.739,10.304679,10.622301,9.816208
57.28659905828,24.6509141209,3.668,-7.855,14.997602,15.394508,14.42824
57.35604245074,24.72470090561,2.904,-8.417,12.764121,13.24943,12.114208
57.25677825366,24.71350453787,1.259,-2.916,12.893956,13.443299,12.189953
57.28524175966,24.72570840908,1.671,-1.569,14.650145,15.030828,14.09196
57.34472558471,24.7507708174,7.11,-16.574,13.964206,14.539247,13.2433
57.2815952412,24.73341017749,14.75,-2.455,13.822709,14.286723,13.186432
57.28585059981,24.75394038723,2.509,-5.352,13.869651,14.219621,13.353979
57.30722801417,24.75037589046,-0.733,-4.997,14.295064,14.584686,13.838115
57.29866512763,24.77497702708,1.65,-10.169,13.985431,14.357283,13.440915
57.35085272974,24.75602752749,8.759,-15.249,14.085134,14.531515,13.467204
57.33590317007,24.7764623603,19.201,-44.49,12.459594,13.073255,11.70027
57.35335867972,24.78308978982,,,13.534567,13.315787,12.219551
57.35321838638,24.78301324617,,,13.553564,13.313746,12.214548
57.38473310923,24.78875991113,27.145,-1.634,13.318666,13.798535,12.674436
57.38282857462,24.8143792843,-5.838,-0.078,14.212057,14.595833,13.647407
57.20560969141,24.72643230996,6.065,-4.414,13.776982,14.164084,13.214623
57.22471565453,24.77375824701,5.266,-16.684,13.702707,14.17003,13.073942
57.19902261026,24.76411736024,2.053,-6.43,13.922101,14.331662,13.340025
57.2145162164,24.77579199764,8.826,-13.266,13.487584,13.955408,12.854065
57.24118589022,24.76710496654,-4.632,-18.723,14.419376,14.941135,13.745044
57.27887114101,24.80395680409,3.374,-0.839,14.212326,14.670082,13.593544
57.18030113444,24.77184242513,-0.879,-1.967,14.583783,15.304116,13.761748
57.17164890878,24.77328566548,6.524,-5.49,13.051409,13.382189,12.549287
57.15858690773,24.78182245009,7.587,-17.841,13.011099,13.627707,12.260683
57.35296936923,24.87010087415,0.008,-11.254,13.598907,13.977753,13.045107
57.34570488559,24.87127384475,10.995,-5.28,14.321299,14.77078,13.692733
57.31673882728,24.8618776101,-1.146,-1.532,14.639257,15.000244,14.103705
57.27011684807,24.8668500342,0.096,-2.482,14.249616,14.925407,13.453821
56.58617723811,24.31804020007,0.119,-2.686,14.484452,15.156289,13.68899
56.63112900461,24.33336097982,-8.861,-11.751,13.078573,13.468077,12.50922
56.57870902605,24.33371107684,1.52,-0.627,13.249757,13.844618,12.508009
56.60074264194,24.36101148705,,,12.957196,13.081199,11.854629
56.60045194773,24.3611154659,,,13.362388,,
56.62351943201,24.37383837861,10.549,1.98,13.563708,14.035381,12.925883
56.53138644474,24.37417789599,18.932,-47.087,14.0124,14.979152,13.008881
56.55917275875,24.39830067697,27.016,-15.747,13.721985,14.272648,13.016534
56.58037551398,24.39952894476,0.663,-9.402,14.859225,15.29339,14.235085
56.61848429295,24.43373934391,20.111,-43.53,10.873117,11.263568,10.302857
56.74885562569,24.47736321345,6.45,-4.063,14.829352,15.332956,14.147554
56.74081994672,24.48628100422,18.352,-7.823,13.897665,14.45137,13.184129
56.71889103975,24.48464715871,-1.176,-4.367,14.865006,15.422587,14.14764
56.65607637534,24.45961056675,3.927,-2.758,13.816484,14.411095,13.074074
56.5050361206,24.42280859528,-0.705,-4.601,13.686543,13.98302,13.220773
56.53180736119,24.47383598811,1.749,-8.383,14.889821,15.337687,14.264174
56.4494278694,24.4491873235,3.358,-6.139,14.323768,14.716891,13.74903
56.47415822025,24.46890649577,23.987,-48.644,14.150265,15.476476,13.009046
56.5121803559,24.52769732621,19.582,-44.878,6.425264,6.409082,6.425955
56.66214340428,24.52010758504,20.24,-46.046,12.868829,13.571247,12.058481
56.5945534946,24.56994976906,19.683,-44.994,10.296593,10.624539,9.802695
56.58770926603,24.60085410964,-2.92,-3.606,14.58601,15.011112,13.9876
56.78390873358,24.52608542047,0.043,-2.632,12.204468,12.960998,11.356128
56.82250484816,24.50943261746,3.335,-5.095,14.335721,15.067394,13.497692
56.83393510198,24.53099818583,-2.247,0.97,14.342247,14.706188,13.798587
56.74758526953,24.51991333979,22.272,-47.521,6.802811,6.802068,6.767419
56.72053388376,24.53360711584,28.432,-8.995,13.994309,14.619693,13.223377
56.72492688551,24.53700562259,-0.6,-2.576,14.775522,15.237146,14.145586
56.7850072324,24.59253378426,1.27,-0.626,14.001449,14.615724,13.249335
56.87015501069,24.55690941091,-0.521,-4.712,9.513547,10.782014,8.409349
56.88206404923,24.55939000964,7.41,-2.936,13.734859,14.206285,13.099283
56.85035863629,24.5882272801,6.911,-55.739,7.632523,7.730099,7.424791
56.88570679361,24.6047593187,1.075,-3.364,14.247419,14.589336,13.730625
56.91220520163,24.60008987487,12.026,-8.286,14.725357,15.346972,13.960691
56.9116741139,24.63088715252,-0.159,0.131,14.535922,15.108725,13.806316
56.83034088447,24.64308802153,3.978,-2.102,13.449509,13.738948,12.995473
56.86058219836,24.65842092068,0.971,-8.628,8.810262,8.887863,8.630656
56.85953359938,24.66006399582,1.162,-9.063,10.971736,11.241335,10.533312
56.7002956892,24.55941470115,-0.247,-7.343,12.695794,13.093001,12.123552
56.70512196595,24.59982559996,19.352,-44.348,14.310514,15.417697,13.269692
56.69465600869,24.6035288868,-0.281,-2.211,13.026961,13.690317,12.238042
56.64168102017,24.58900259239,-5.713,2.874,13.400312,13.856113,12.769026
56.62730776446,24.61465814073,0.111,-4.86,14.810103,15.208894,14.233437
56.62751698335,24.6367348399,-0.573,-0.215,14.812957,15.438771,14.044317
56.68819459985,24.62832636175,-4.677,-0.988,13.587221,13.972095,13.028348
56.76491859512,24.63713564744,0.734,2.598,9.880386,10.619962,9.04837
56.83598734237,24.69118988816,1.125,-7.128,14.823991,15.208035,14.264739
56.85289147959,24.69823344841,2.359,-12.641,14.035143,14.490801,13.412723
56.7430909803,24.75570929909,7.247,-1.593,14.548908,14.943058,13.968951
56.39994195042,24.50019416383,-3.565,-6.286,11.87175,12.188187,11.376136
56.43013282812,24.51971580137,35.404,10.758,14.479754,15.358061,13.548441
56.49649166017,24.52689224377,-2.384,4.274,14.598133,15.040664,13.971409
56.44601033245,24.54958278946,,,14.704575,15.511346,13.432541
56.47708455754,24.55430537375,20.331,-46.022,5.752026,5.729278,5.752268
56.47976397387,24.55460405917,19.533,-45.551,13.832768,14.597713,12.832641
56.36244124801,24.52397389369,,,14.179351,14.133617,12.943637
56.4223557712,24.5730570992,2.776,-2.373,14.234908,14.943338,13.418116
56.39666396948,24.57260389909,2.771,-4.526,13.363571,14.051309,12.560665
56.52886446573,24.5626051279,19.403,-46.972,12.692504,13.357429,11.910682
56.52718924376,24.56722164753,19.749,-46.624,12.414279,13.013465,11.674583
56.56306827356,24.62515087464,5.219,-1.021,13.184712,13.928517,12.34629
56.54011011767,24.61318954467,6.473,-6.394,14.973522,15.510275,14.272728
56.54907922003,24.6221190946,21.195,-44.696,11.405896,11.852175,10.798162
56.53469362713,24.62826285771,-1.223,-3.128,13.745541,14.529396,12.881928
56.53832240756,24.63404999194,20.829,-27.792,13.061589,13.537021,12.424891
56.46210382463,24.6014460065,6.007,-4.57,13.86992,14.452543,13.138783
56.47217217338,24.62709773203,1.442,-0.518,14.722314,15.194707,14.073977
56.54130256139,24.67339403987,20.497,-47.161,14.265003,15.452683,13.068843
56.49038115045,24.66664336005,1.368,-6.428,14.824945,15.247534,14.227476
56.30003774761,24.58598863493,20.809,-44.702,13.399992,14.216869,12.512312
56.33709577642,24.62115544087,-9.763,-12.701,13.720513,14.149373,13.115612
56.4174964453,24.62703265921,17.796,-43.098,9.593008,9.87635,9.140193
56.36638665545,24.61355722684,0.424,-12.721,13.125949,13.739023,12.372928
56.34326098121,24.63824651129,11.893,-20.458,14.363488,14.867996,13.697374
56.41850922716,24.65262661363,-2.11,-1.684,14.471408,15.196606,13.643868
56.43490838173,24.68226490547,-0.169,-5.192,14.250924,14.7007,13.630654
56.4356016274,24.71386808754,5.527,-4.244,9.579378,10.865503,8.470841
56.612908723,24.63673945703,5.55,-5.186,14.890395,15.503567,14.126754
56.61353245567,24.63783538188,2.663,-3.25,14.781914,15.347524,14.042146
56.63113601824,24.66106839875,5.66,-12.263,14.968571,15.496963,14.285753
56.64805727673,24.74347501484,7.912,-15.597,14.262184,14.742291,13.620275
56.60360478042,24.71675167499,-6.599,-6.811,14.345686,14.862508,13.676591
56.61937054723,24.75879046515,20.487,-46.517,13.698108,14.605712,12.758081
56.59142347385,24.76921993417,2.362,-2.739,14.831424,15.232234,14.251101
56.65748307122,24.7474777285,20.423,-47.627,11.587448,12.058105,10.955926
56.72891863144,24.79613452,19.301,-46.342,10.408444,10.741416,9.907416
56.65348444527,24.77061569922,3.337,0.863,13.456428,13.82424,12.915434
56.66592096005,24.8200338053,-6.988,0.812,12.480989,13.018209,11.785297
56.6931030275,24.84973391684,1.804,-3.315,14.681151,14.962941,14.233945
56.52406695953,24.74758860183,-3.204,-2.519,12.670455,13.417268,11.832559
56.53834905101,24.76815188061,5.178,-4.958,14.895588,15.304196,14.314463
56.5584145241,24.77357752798,3.793,1.421,14.721323,15.094479,14.16817
56.58539983665,24.78528298284,18.584,-45.181,13.337562,14.147645,12.452992
56.57064851654,24.78126736824,4.428,-1.114,13.836366,14.271994,13.223114
56.58421694528,24.80195000481,-1.535,-5.181,14.588735,15.052983,13.952267
56.53874608971,24.79472201412,-2.25,-0.238,14.216727,14.65426,13.610723
56.56865226627,24.80840008035,-3.79,-5.986,14.93373,15.596749,14.146715
56.47598119474,24.80186170263,-13.101,-5.295,12.123239,12.529934,11.551533
56.53043754696,24.84084072667,,,13.27467,13.261475,12.410984
56.49209676692,24.84757404249,1.268,-4.824,14.715602,15.11523,14.137802
56.50881780614,24.83898523294,6.894,-17.422,12.136445,12.46798,11.633387
56.5787355083,24.82229470596,7.538,-3.542,12.543528,12.933085,11.982543
56.64428883171,24.84425915825,-0.482,-0.155,14.70773,15.331346,13.945941
56.63406288358,24.87052212483,-4.898,-8.27,9.761303,10.003807,9.357948
56.57754657235,24.87066969882,0.981,-6.691,11.080821,11.725212,10.309683
56.5324012385,24.86647317224,,,13.522656,,
56.53250842193,24.86669205739,20.4,-45.428,11.950156,12.338009,11.022074
56.53069205015,24.88411881942,21.354,-4.86,13.300136,13.758,12.675109
56.93500368704,24.67111331013,10.305,-8.425,14.034642,14.422322,13.468732
56.96165780012,24.67907998808,2.011,-7.36,13.629889,14.019948,13.070107
56.93710980056,24.68152533322,-3.741,-17.633,12.86867,13.228244,12.336157
56.99900829163,24.73108641902,20.433,-47.266,12.904102,13.64193,12.063589
56.99566097481,24.73852651086,5.228,-4.594,12.775225,13.302931,12.087338
56.9957441447,24.7421014284,6.124,-11.738,13.333536,13.700808,12.79607
56.92157478697,24.68538700042,-3.719,-17.705,12.162414,12.506362,11.645062
56.89041244831,24.68399679169,19.582,-46.271,12.540388,13.175777,11.774289
56.89123692789,24.70922328122,13.115,-6.625,14.904381,15.396915,14.24511
57.08343787046,24.7744050501,13.076,-5.575,12.735848,13.186646,12.120049
57.10474295527,24.79997929362,8.021,-2.388,14.429141,14.775787,13.91256
56.98843200595,24.76332280685,3.477,-3.038,12.022868,12.646259,11.266144
56.97399299541,24.77249677261,5.303,-11.42,13.327295,13.748753,12.739208
56.99264462691,24.81768305004,6.05,-22.699,14.578759,15.243418,13.306
57.05220487059,24.82517406793,12.016,-13.844,14.886256,15.325843,14.232403
57.03986647821,24.85943424987,13.632,-3.565,12.774828,13.117435,12.260828
56.8706122498,24.72809832867,6.265,-4.781,14.55647,14.984951,13.955315
56.87772987952,24.74858825304,6.3,-2.862,14.976169,15.624662,14.201677
56.86149464422,24.75905682884,28.095,-20.898,14.123385,14.416153,13.66032
56.88749849742,24.79558337791,10.871,-5.235,13.831629,14.266098,13.229081
56.80889964874,24.80111258894,0.51,-2.539,14.837551,14.978395,14.589705
56.86851728756,24.82611113949,1.268,-0.475,14.893929,15.241739,14.361965
56.87891716418,24.85506827941,10.923,-7.956,13.861415,14.351758,13.210309
57.02303077981,24.86499344828,-0.506,-5.74,11.204517,11.434031,10.827599
56.96527799959,24.86668031991,2.01,-0.017,13.933249,14.3271,13.365579
56.90877404779,24.89165534984,21.067,-44.055,13.674303,14.561905,12.73635
56.94869519785,24.88921543893,-0.614,-2.72,14.562539,15.003402,13.950323
56.9735649102,24.89624043846,2.29,-6.226,14.431045,14.880637,13.807519
56.93907690428,24.93061240206,-5.223,-3.661,14.85335,15.415,14.129542
57.11961588897,24.8023911961,3.029,4.109,14.637294,15.081613,14.02067
57.1182218045,24.85738332025,1.946,-13.81,14.459594,14.857189,13.877554
57.1569470825,24.8769444054,12.571,-5.506,13.582732,13.971341,13.014653
57.08248957475,24.84791864281,1.733,24.401,11.457664,11.773172,10.971635
57.10068115782,24.8613345215,-1.86,-3.073,12.078164,12.730238,11.302052
57.10570386625,24.87794807611,79.398,-24.677,10.579395,10.907723,10.077599
57.09740054444,24.88051394819,1.854,-8.839,14.886478,15.304403,14.292078
57.1283276317,24.87339873444,16.553,-10.333,12.659026,13.114494,12.038462
57.11704540315,24.93939206011,-11.067,0.708,14.756981,15.351643,14.011509
57.27796914846,24.94723941979,9.461,-9.728,14.979669,15.470793,14.322019
57.17523528504,24.93143003364,-7.116,10.188,13.470789,13.88334,12.879006
57.15225386064,24.96206189474,-4.264,-1.743,14.936652,15.328598,14.366434
57.21143438451,24.99437638199,2.886,-6.114,14.955044,15.365017,14.37184
57.20004418619,25.01110581502,9.438,-5.589,14.564127,15.165904,13.824457
57.20642300114,25.02376607013,2.548,-1.706,12.337721,12.652997,11.85404
57.04790230324,24.90034028056,-3.406,-2.281,14.709905,15.049921,14.181835
57.02821531989,24.9095512888,11.821,-6.775,14.278964,14.658371,13.715496
56.98507383152,24.97504541662,7.667,-1.342,14.921675,15.399879,14.271528
57.02710661916,24.98828970832,-29.149,-28.412,5.604983,6.738595,4.544275
57.11218939507,24.99437021922,14.839,-10.925,10.716086,11.358066,9.947232
57.07381062716,25.04764063409,19.517,-47.057,10.744773,11.121812,10.203328
57.14417799623,25.0668528132,-0.044,-6.709,11.310084,11.244873,10.703633
57.14423988949,25.06667223886,,,12.639733,,
57.15063896912,25.08625129395,3.079,-8.746,14.948422,15.363432,14.358981
57.10803503168,25.08873709603,2.881,-4.447,14.789105,15.169218,14.232678
57.13394105466,25.10948295106,4.524,0.115,14.715414,15.122658,14.131342
56.76490881113,24.81976152742,19.509,-41.922,8.478755,8.41466,7.912686
56.83653223308,24.87447510193,-1.375,-4.184,12.895659,13.08485,12.063969
56.83692982824,24.87456143507,-1.447,-4.074,13.418208,,
56.78572943329,24.87158678733,6.379,7.203,11.896676,12.302621,11.323448
56.78308446312,24.91285164515,17.37,-5.409,14.636571,15.233723,13.905256
56.82891603916,24.91819266266,9.97,-8.413,14.826852,15.226232,14.249114
56.86599104797,24.92638687436,-1.431,-1.906,13.149119,13.973596,12.262677
56.85426691305,24.9298863898,4.675,-4.778,14.950234,15.354286,14.367429
56.84256470912,24.9714481126,5.498,-7.876,13.934127,14.378494,13.315934
56.69878025399,24.8998278647,-0.583,-1.878,13.515343,13.910075,12.944592
56.66830355044,24.90246809288,11.258,-17.796,13.326631,13.778197,12.707395
56.66783020915,24.93086438815,22.21,-45.205,13.436048,14.251829,12.419264
56.68758901829,24.92986468432,6.932,-25.558,12.801658,13.257818,12.180134
56.69741717183,24.93326558666,1.629,-4.314,14.733181,15.194799,14.108264
56.72912068386,24.92221384588,-3.445,11.685,10.916565,11.287726,10.368154
56.73566502603,24.93572521069,-0.072,-0.47,14.703067,15.27428,13.980403
56.72105396002,24.96442594708,1.491,-2.365,13.081095,13.462001,12.504258
56.63857399834,24.92692196878,-0.551,-5.335,14.051171,14.428525,13.501914
56.66189149025,24.9443597732,4.227,0.553,12.64733,13.329103,11.85023
56.66165931699,24.95943688709,20.61,-46.954,10.10806,10.424523,9.622222
56.61669200575,24.94729388335,0.526,-0.055,14.699742,15.252234,13.994935
56.60811088099,24.948126513,0.169,-2.353,13.064425,13.316838,12.659567
56.72124106683,24.99046489689,26.922,-15.847,14.503754,14.984335,13.69483
56.79922025108,25.08292664048,1.281,-4.244,14.170145,14.54874,13.609112
56.75064298266,25.09150662871,2.14,-0.993,11.389128,12.348764,10.428889
56.94120656717,25.00206570091,3.098,-9.629,14.644465,15.11223,13.995179
56.99018861167,25.01331956839,9.92,-6.499,10.116163,10.786647,9.328753
57.01504609282,25.05185789098,6.331,-7.448,14.179766,14.758924,13.45138
56.94309083984,25.03315668549,-1.014,-1.412,14.854906,15.408495,14.14632
56.91898488,25.08394300296,8.738,-2.614,12.345112,12.751905,11.76132
56.92525388489,25.08470956846,7.242,-9.306,11.910283,12.605686,11.10251
57.02598182366,25.05262645376,1.905,-5.579,14.554189,14.97906,13.954123
57.0557831122,25.09878082973,-1.776,-5.381,12.240489,12.643698,11.662299
57.08117950284,25.08960503747,-0.829,-5.027,13.859782,14.538706,13.066169
57.09382790769,25.12431897088,14.001,-2.326,13.058057,13.502866,12.435022
57.07210822313,25.12704567735,2.672,-0.882,14.512485,15.118952,13.76813
57.09739813895,25.1383230469,0.515,-1.654,14.446429,15.031294,13.714076
57.08580316066,25.15421586531,0.286,-0.554,14.744861,15.10868,14.202898
56.9823519108,25.10384845878,10.352,-10.009,12.683327,13.077171,12.116212
56.9788075795,25.1287391814,-0.751,-2.381,14.781141,15.174142,14.197845
56.97519845793,25.13039824169,-0.574,0.844,9.046707,10.140399,8.022476
57.04420371517,25.16166141284,4.936,-8.512,14.961848,15.446717,14.316467
57.05586425506,25.16974218101,5.849,0.321,14.121172,14.449927,13.628297
57.03193235293,25.1661673839,15.138,-30.008,14.054235,14.579715,13.3735
56.85428057396,25.05341153106,9.89,-9.723,12.40194,13.161587,11.551233
56.88811741766,25.07974547607,11.361,-8.372,13.144049,13.650173,12.476967
56.83687734919,25.08656572477,18.659,-45.977,14.673388,15.891913,13.578023
56.89925486204,25.10477296819,6.27,1.426,14.89698,15.369962,14.237898
56.92748568141,25.10864562999,54.873,-68.007,14.073566,14.506588,13.45956
56.92883220352,25.13376830584,-12.437,-14.171,14.584068,15.157221,13.833787
56.91087431982,25.14205420374,16.528,8.064,12.932374,13.344625,12.341252
56.79968667425,25.11624712309,-35.089,-55.379,11.399183,11.7051,10.796993
56.83385649286,25.143420861,,,12.080606,12.121943,11.192502
56.84847026624,25.14750567219,6.994,5.938,14.20183,14.601892,13.624595
56.84662711692,25.17448042558,-1.484,-5.718,13.341864,13.804256,12.707404
56.96948826547,25.15257994357,3.406,1.589,13.306346,13.92456,12.553073
56.97626543892,25.15544635896,212.433,-69.366,13.226914,14.47959,12.119068
57.00305336956,25.18744485618,2.813,-7.481,11.978311,12.585837,11.230619
57.0064597807,25.21339324608,-1.206,-0.121,14.815039,15.171992,14.282594
56.92427480135,25.1827929091,6.653,-8.753,13.158447,13.457656,12.453177
56.92453694229,25.18321641888,7.355,-8.671,13.744042,,
56.92055636093,25.19853068997,5.271,-0.5,14.600113,14.991348,14.022549
56.89564961213,25.19689266561,1.959,0.572,13.816499,14.407251,13.081216
57.68181380265,24.66403697951,9.369,0.111,14.769638,15.281713,14.09636
57.65333390143,24.6806295828,0.893,-1.514,13.846036,14.453264,13.098582
57.70334061391,24.70310105245,4.26,9.06,13.47431,13.862795,12.912377
57.71735681703,24.70900823864,-0.389,0.141,12.463867,13.10684,11.694532
57.7230976568,24.70732308416,10.788,-7.569,14.607129,15.071189,13.973264
57.64786853396,24.70496334497,10.022,-8.346,14.78441,15.271656,14.127538
57.64775833025,24.73865476729,-1.872,-9.836,14.608102,15.360416,13.739635
57.63991993746,24.75802273748,5.642,0.541,14.739258,15.111594,14.180127
57.65757667301,24.78724183314,-3.063,-12.267,14.084663,14.525232,13.471697
57.77331327974,24.73657781007,19.986,-45.298,13.310761,14.104215,12.426154
57.75364496428,24.74630143722,-4.174,1.436,14.443254,14.800438,13.907465
57.80544284606,24.76379333096,,,14.81489,15.637384,13.51563
57.72692469403,24.78915656556,-1.556,0.537,13.635999,13.942481,13.159717
57.6769938524,24.78845265713,8.509,-6.912,13.921881,14.416968,13.257751
57.69932393014,24.82194318297,8.867,-4.178,14.129852,14.560208,13.528403
57.74197010053,24.84719659132,17.106,4.622,12.114656,12.494089,11.562902
57.5809120123,24.73937852724,-1.453,-2.217,13.806343,14.242122,13.198636
57.6183683125,24.75669106219,5.771,-5.819,14.062909,14.508377,13.446371
57.61073945342,24.76198855272,7.666,-6.517,11.937638,12.683917,11.095811
57.60657436414,24.76997124826,0.164,0.359,14.333878,14.730575,13.759285
57.64315417851,24.79153017763,-8.752,-10.418,10.092495,10.339774,9.684677
57.62363400705,24.78395623393,-1.271,-2.394,14.319659,14.656591,13.809571
57.61112023057,24.81435833753,0.867,-0.683,14.639995,15.307812,13.859839
57.53331632005,24.75872754492,12.051,-10.582,14.568101,15.142434,13.840005
57.51459491478,24.76878683584,-6.148,-1.396,14.25446,14.688622,13.624165
57.55722104367,24.79226114499,-2.182,-0.32,13.068736,13.472437,12.487223
57.50107708006,24.79949486123,1.02,-0.167,14.632552,15.25649,13.874254
57.56351401209,24.80606082976,-1.415,-7.206,13.441801,13.852358,12.853495
57.65044709201,24.80111966755,-0.76,-5.752,14.217321,14.791798,13.480202
57.6407379482,24.81987683442,1.886,-2.244,13.537086,13.939919,12.935159
57.62940718197,24.83807440213,10.184,-9.156,11.807055,12.17028,11.269026
57.69465770782,24.84251360228,4.309,-2.006,14.763152,15.254807,14.112555
57.64115231948,24.86911993975,-10.387,-4.179,13.51509,13.913734,12.909554
57.64144116908,24.87540036028,-10.622,-4.258,14.432082,14.842337,13.826102
57.64531924856,24.90496542399,10.568,-33.916,11.058457,11.400354,10.543567
57.66256309787,24.92261435932,2.02,-6.67,14.261299,14.657613,13.685982
57.83907239336,24.83619199698,19.554,-16.133,13.589989,13.98672,13.026332
57.84988648836,24.83569078167,6.224,-5.412,14.167996,14.568767,13.601897
57.79717237749,24.83144709473,3.033,-6.343,14.601234,15.120656,13.925998
57.80979977988,24.84004652126,0.898,-4.619,13.594325,13.984824,13.033947
57.85450474967,24.86005498267,31.899,-13.724,13.202036,13.651288,12.586024
57.8499607768,24.86255015057,3.983,-0.588,10.7816,11.323656,10.081305
57.78340488909,24.86141378636,7.935,-2.631,14.54824,14.88912,13.971133
57.80872534664,24.87715160326,0.097,-3.335,13.359369,14.036758,12.57226
57.80385089815,24.90357811233,6.505,-1.404,14.425241,14.829287,13.846687
57.96673329206,24.98786895122,1.531,-4.531,13.596306,13.834739,13.207548
57.89372668549,24.93483163685,1.965,-2.992,14.457839,14.795733,13.938767
57.87133217093,24.98661532108,2.293,-2.443,14.722468,15.056855,14.196294
57.92517073326,24.97124797475,-4.564,5.582,11.878134,12.176106,11.419634
57.9305239871,24.97454444867,4.387,-7.881,13.262886,13.529484,12.832905
57.9186150567,24.98296292857,18.227,-46.381,10.70626,11.07512,10.166348
57.89708258328,25.00066447819,10.036,-5.366,13.961524,13.81057,12.962396
57.90816532218,25.01908481448,0.924,-1.197,14.280171,14.584785,13.800468
57.77672841327,24.93120262681,0.724,-0.595,14.379806,14.84917,13.74373
57.77016758473,24.93982936132,6.265,-5.64,11.004697,11.629336,10.247153
57.77149801079,24.95571276246,15.991,-18.909,13.308343,13.871648,12.599436
57.71200332193,24.97300912042,4.732,-5.031,14.25375,14.50535,13.613048
57.83626065684,24.96240466033,19.509,-17.812,14.138245,14.611324,13.48965
57.83172207272,24.98703579416,-0.862,-1.425,14.819628,15.193597,14.273211
57.82994702978,25.00951870827,1.666,-3.212,14.670849,15.330769,13.886639
57.82806153491,25.02152883714,-8.271,-6.639,14.776584,15.304388,14.094179
57.87101269668,25.0065494921,-0.759,-17.605,9.30569,9.46273,9.015245
57.87369929319,25.01523948319,5.363,-5.247,13.438846,13.77982,12.926092
57.91131567528,25.02925429625,5.764,-9.736,13.749928,14.096423,13.228796
57.78905058743,25.05537907351,22.105,-10.95,13.311354,13.821952,12.643997
57.7884302553,25.07069070518,3.092,0.087,14.964821,15.308507,14.443703
57.86103099865,25.07691000888,-2.044,-2.6,11.067757,11.387929,10.572039
57.81829698381,25.07091542629,3.3,-7.708,14.884786,15.277731,14.318023
57.47460645874,24.7983257479,13.385,-1.071,14.13037,14.591814,13.495605
57.50998519574,24.85305033082,1.245,-1.515,14.204797,14.962216,13.354169
57.42755852864,24.84464000128,-0.239,0.218,14.856933,15.490942,14.083939
57.42764948726,24.85417215261,2.343,-34.416,14.772291,15.384879,14.018446
57.47393938015,24.89837943931,,,14.762649,15.458821,13.903554
57.55107157979,24.90996775665,-0.162,-26.075,12.835926,13.276158,12.229028
57.5776545842,24.95339961657,-7.549,-14.718,12.146913,12.759583,11.400921
57.52397995679,24.92343021174,6.111,-14.75,14.46941,14.92574,13.835858
57.58322443994,24.97510158599,0.493,-0.096,13.681367,14.415814,12.84707
57.40606741226,24.89411587616,2.582,1.07,12.837013,13.570452,12.003947
57.43172254764,24.94532691334,2.461,-5.845,14.851106,15.280424,14.243187
57.35719555719,24.93737112832,,,11.297504,11.064828,10.006414
57.35719860195,24.93744837571,22.752,-50.205,11.241502,11.056971,10.006188
57.34333186577,24.94232048395,5.781,-6.157,14.415933,14.824502,13.827552
57.40105465787,24.97759773851,2.221,-3.771,14.546318,14.926463,13.846621
57.3690783416,24.99313050903,3.168,-1.02,14.788133,15.349769,14.079432
57.3979729961,25.01735160172,0.25,-3.61,14.553414,14.869674,14.064319
57.45107467935,24.99544399305,4.374,-5.585,12.637195,13.247477,11.889709
57.40830145386,25.04883875537,5.564,-8.493,14.025361,14.398928,13.472353
57.47131656009,25.08438001135,1.775,-0.11,14.980241,15.532063,14.269559
57.46131313511,25.08859067086,0.663,-0.59,13.874219,14.645916,13.017076
57.66984267169,24.97475679461,-4.627,-1.495,14.637324,14.984197,14.105896
57.64337283469,25.01301151615,,,14.95326,14.854577,13.915841
57.68318029604,25.02038253844,8.628,6.012,11.025205,11.613718,10.289292
57.75971818178,25.05529120051,16.344,-38.265,12.876431,13.519095,12.104125
57.78390682413,25.07789436732,-1.208,0.079,14.082812,14.474544,13.523627
57.75570858369,25.12152718519,-6.587,3.377,14.755447,15.261702,14.088207
57.68921478395,25.14065602503,,,13.74954,13.601629,12.863299
57.6978798703,25.14547412671,3.347,-4.416,14.807848,15.179115,14.264139
57.75004645169,25.13947321906,-0.399,-9.895,14.824243,15.21178,14.255646
57.74298002234,25.17709385091,2.256,1.024,13.761566,14.046679,13.312128
57.60175681743,25.06736650753,-1.609,-9.932,14.676073,15.137279,14.044998
57.57997924242,25.08376586832,-2.867,2.1,13.558869,13.963945,12.962888
57.59580296912,25.09566412225,-2.039,-3.115,14.790686,15.363863,14.064271
57.63822729308,25.1319381503,1.354,-0.105,13.622731,13.945402,13.120383
57.59962988519,25.13938848173,1.256,0.667,14.501267,15.022574,13.820134
57.50096212504,25.1066968741,-1.15,-4.3,14.647268,15.306879,13.860744
57.52202904924,25.12195825369,9.966,-28.325,11.576918,11.968557,11.013528
57.7223608725,25.20506191882,6.649,1.963,13.466046,13.811766,12.936685
57.69887183881,25.23830629415,0.977,1.299,10.575549,11.270492,9.767968
57.65109296585,25.20389108279,-0.252,-2.722,14.823374,15.313656,14.167579
57.63669752423,25.20980570339,-2.4,1.48,14.377311,14.905851,13.699113
57.59485062723,25.20162896077,-1.542,-1.694,14.674944,15.199625,13.992398
57.62380951918,25.21468360734,0.749,-1.547,14.746416,15.062582,14.25135
57.68074118586,25.23425718298,-0.984,-0.525,13.619803,14.228229,12.87438
57.65977166268,25.23831873694,3.117,-7.356,14.965715,15.385657,14.371832
57.66584139163,25.26244106642,-5.216,-6.068,14.059647,14.451563,13.494081
58.03487055755,25.00294556019,3.883,-6.164,13.668943,13.998885,13.168248
58.04406816298,25.01314906839,0.435,-1.113,14.0892,14.385927,13.625052
57.98174737591,25.02008250099,0.607,0.122,14.314337,14.829524,13.639861
57.9747488652,25.03813088369,4.409,-4.179,11.10757,11.316604,10.745879
57.9608059208,25.0731883595,14.619,-1.317,12.389859,12.853696,11.758447
58.01135229836,25.03994630612,6.378,-5.195,14.402854,14.745246,13.890431
57.91558525702,25.0698648813,3.173,-4.105,14.220614,14.529854,13.742165
57.95411958407,25.06817510268,2.33,-4.217,12.469459,12.97305,11.787287
57.92978878998,25.07107902195,-3.518,-2.7,14.760602,15.008418,14.343024
57.90905674761,25.09139396898,-15.969,-5.881,13.886283,14.279052,13.262508
57.96325918903,25.09856060131,1.323,-0.376,8.681589,9.181633,8.018134
57.88553126153,25.10067874236,-0.869,-2.923,14.686062,15.044326,14.150862
57.87860162002,25.14010779867,-3.046,-23.118,12.523516,12.817259,12.063078
57.92635962205,25.12533323181,0.674,-4.604,14.528991,14.859121,14.022174
57.88358556853,25.16152799477,-3.554,-9.771,14.117337,14.756067,13.349886
57.84233121849,25.16592888053,19.599,-45.434,13.613075,14.502443,12.683687
57.85534217177,25.16287201168,-9.991,-12.51,6.764354,6.831945,6.603622
57.79905093816,25.14884957534,0.445,-0.852,14.078201,14.623237,13.377615
57.78601503568,25.19028827969,0.187,-0.422,12.79115,13.472017,11.993789
57.80741807127,25.19663438194,-1.288,-3.291,13.114127,13.690951,12.392127
57.83069810447,25.20108291059,0.943,-1.232,14.032054,14.607801,13.309507
57.81522702663,25.2369142613,5.074,-6.742,14.692223,15.076203,14.136446
57.79144156772,25.23938699666,-4.273,0.074,14.006225,14.366861,13.471436
57.79309908422,25.24165700044,-4.45,2.379,13.647207,14.063752,13.0408
57.79230275431,25.24164100777,-4.612,2.319,14.004,14.465969,13.334542
57.70192642077,25.24616610777,-12.15,-1.372,14.533959,14.949249,13.94836
57.68569793981,25.26428880439,-0.199,-0.136,14.498028,14.875264,13.951344
57.70269014002,25.26482496463,-2.054,-6.232,13.092545,13.385558,12.617286
57.70181325462,25.26657200689,11.895,-3.033,14.343102,14.7732,13.749647
57.35593815728,25.00424239793,0.201,-2.39,14.899125,15.244318,14.378335
57.34323893083,25.03093940346,-2.233,-3.628,13.224349,13.606072,12.668458
57.26432261064,25.05063470368,18.242,-0.932,13.949452,14.501577,13.246993
57.24780823123,25.05534754904,-1.133,-4.33,13.651241,14.025569,13.104465
57.3252271563,25.07559070071,0.141,1.256,14.882726,15.385358,14.213375
57.2866616178,25.06438583304,3.428,-7.978,14.349473,14.813382,13.716494
57.39707918844,25.04746656719,9.614,-16.857,14.91353,15.743911,14.020614
57.34845621976,25.08785064068,4.973,-1.076,14.225322,14.588773,13.686811
57.36116760909,25.1478701992,-0.938,-4.172,14.659911,15.052129,14.087487
57.37078608049,25.15826106228,15.836,-18.937,14.150409,14.588784,13.534347
57.36250611473,25.16090955112,0.773,-1.068,13.390272,14.178643,12.525262
57.36629324811,25.17106655989,2.444,1.653,14.589943,14.91195,14.090239
57.40362047542,25.16944926453,1.801,-1.951,14.499902,14.836153,13.989687
57.21760978941,25.04419765892,-2.288,-2.338,14.14992,14.423566,13.392891
57.20472118673,25.05842687743,1.232,-3.081,14.747398,15.273013,14.061648
57.19291713144,25.09431702923,3.051,-2.685,14.436045,15.091996,13.654099
57.24570764595,25.10377739425,4.318,-47.588,13.380422,14.182881,12.504677
57.2011558825,25.11924814002,-4.818,-10.57,14.412436,14.855659,13.797533
57.20341134787,25.12057081308,-4.745,-10.465,13.136574,13.560688,12.538173
57.17057030603,25.12301745965,3.341,-4.762,14.219193,14.501647,13.771222
57.23292912514,25.14009369774,6.34,2.855,13.119275,13.496131,12.566596
57.33658159446,25.19499315764,1.68,-7.554,12.848187,13.174606,12.355855
57.31390775848,25.20675923615,2.973,-1.085,13.6505,14.008348,13.118368
57.34112588219,25.22615550058,0.539,-7.87,14.167891,14.510463,13.650019
57.25263206258,25.1900603297,3.44,-15.854,12.204265,12.794263,11.473034
57.25454189213,25.19179888474,3.499,-15.976,13.084785,13.471822,12.524182
57.24700100139,25.2066338093,-2.266,-5.594,13.497697,14.038773,12.802483
57.29621437686,25.24377365519,-2.494,-4.297,14.197036,14.589871,13.61811
57.46734345102,25.135892607,3.373,-2.732,14.598004,14.989896,14.028925
57.46321221969,25.15695706836,3.445,-1.968,14.525628,15.174549,13.757072
57.52084356333,25.18769682808,4.76,-5.493,12.815267,13.169931,12.294989
57.43236687153,25.18344710609,42.804,-10.0,13.8858,14.322355,13.27982
57.48567301374,25.2188835722,-0.34,-0.268,14.798713,15.098408,14.327026
57.48478475822,25.27515252037,9.208,-19.199,14.588745,14.569373,13.203172
57.57965381327,25.22409907138,1.766,-2.63,12.982249,13.518665,12.294717
57.55397360046,25.2380670163,-0.602,-1.589,13.047226,13.658228,12.299037
57.53614375166,25.24418986704,2.047,-15.311,14.371183,14.746798,13.821114
57.53899162223,25.25291295951,-1.946,3.305,12.616808,12.967971,12.098307
57.56495301701,25.2696728463,4.578,6.005,14.465848,14.854923,13.908792
57.50537581878,25.29395989384,15.082,-8.973,14.529984,15.126062,13.793518
57.3816517925,25.22169434766,16.595,-1.299,14.784354,15.690701,13.838195
57.47107830435,25.27518911231,-3.148,6.812,14.068481,14.876592,13.189368
57.45540428646,25.29242701395,-6.294,-7.009,14.713884,15.264004,13.990488
57.43282335713,25.29807786076,12.858,6.514,14.990037,15.368168,14.436391
57.49559815772,25.34752723912,4.279,-5.843,14.988437,15.337411,14.462371
57.43539850843,25.34518570122,3.923,-8.724,14.581174,15.16726,13.857849
57.43690259123,25.36410001155,7.131,-19.122,9.827465,10.005321,9.511018
57.43717997716,25.36855648715,7.176,-23.791,13.67016,14.173341,12.964752
57.44236600401,25.39788512219,-0.746,-1.248,11.833527,12.184553,11.314462
57.50276089924,25.39859852117,18.296,-44.854,12.781891,13.624446,11.871041
57.45814420709,25.40804245454,13.165,-7.68,11.679545,11.775093,10.949917
57.45849294237,25.40811764521,13.514,-7.514,12.533619,12.238168,11.364835
57.1565270263,25.16922584659,0.234,3.193,14.112384,14.488633,13.563136
57.20998677639,25.20235886311,-3.157,-7.11,14.013804,14.442278,13.411792
57.08715641136,25.19220007241,5.901,-0.253,12.59222,13.033993,11.978544
57.10910501639,25.20471424128,5.566,-2.04,14.867424,15.428329,14.097209
57.0747654134,25.19272623501,-0.046,-3.846,14.921266,15.383697,14.288298
57.07039222939,25.21491968688,18.111,-45.724,9.118056,9.297057,8.638018
57.10859424734,25.24449048958,19.748,-48.32,14.485869,15.638486,13.414243
57.2212558976,25.2779305523,1.379,-6.672,13.010228,13.364859,12.482878
57.2649359088,25.27370397876,0.115,-0.916,14.768558,15.150352,14.205428
57.24382570281,25.26973646136,2.35,-3.946,12.724829,12.956003,12.348039
57.20913626932,25.27545826005,17.458,-12.956,14.60076,15.283196,13.805143
57.23832628174,25.32313719518,-4.016,-2.013,14.013359,14.420851,13.428839
57.20518808977,25.333986223,6.227,-16.786,14.207842,14.627471,13.61499
57.05094024609,25.23869759823,6.583,1.477,14.398514,14.771136,13.849375
57.02035358836,25.24581423549,3.579,0.432,14.993413,15.410747,14.401225
57.04110399535,25.26943268053,-36.104,-135.939,14.874213,16.049938,13.806626
57.04381369853,25.27864577019,0.771,-6.976,14.737178,15.247978,14.076674
57.07459048457,25.2659358307,0.045,-3.115,14.517669,14.879787,13.985955
57.07514627757,25.29875843439,-1.242,-0.095,14.816058,15.17913,14.275686
57.032985527,25.29094570358,-3.792,-5.141,13.831469,14.158968,13.33198
57.0320479776,25.31508636826,20.146,-49.211,13.309442,14.130023,12.413292
57.02819548854,25.32714557922,5.488,-4.96,12.313916,12.854507,11.565917
57.00213040328,25.32701443474,6.593,-8.025,14.614931,15.044532,14.018127
57.03701516243,25.33784190523,-0.829,-1.753,13.326908,13.609206,12.879848
57.15150860452,25.33099944056,47.172,-16.009,10.377734,10.727237,9.853491
57.12067463223,25.3207465735,-0.174,-5.771,13.731718,14.117703,13.169341
57.1097210805,25.32263588734,14.778,-99.028,8.313805,8.731225,7.723553
57.12729782764,25.33244125219,24.156,-14.061,12.183416,12.579622,11.61579
57.11741905494,25.373694244,23.62,-36.862,11.601708,11.935588,11.099812
57.12626235687,25.39327887374,0.747,1.118,10.522696,11.098173,9.797467
57.15505795695,25.40451826539,-0.065,-14.751,14.423859,14.831932,13.839675
57.15451355186,25.4163465941,4.044,-7.083,14.335927,14.745027,13.751574
57.32824328566,25.30528740928,-2.645,-5.583,12.793318,13.053577,12.379796
57.3148376001,25.34662068147,5.992,-4.244,14.956282,15.340879,14.401092
57.37090737548,25.35111997457,15.438,-14.378,14.50553,15.031117,13.833163
57.31429630953,25.3687648948,4.596,-5.471,14.37612,14.925084,13.677156
57.35692489463,25.38076916128,5.928,-2.287,13.43634,13.717714,12.988381
57.34107592413,25.39208763958,-2.065,-6.437,14.859816,15.239353,14.308645
57.22901109086,25.36936361697,-0.865,-2.029,13.894844,14.304211,13.313525
57.40393632901,25.38148504256,-28.835,39.508,13.617441,14.265331,12.844309
57.41207476272,25.40104600858,9.931,3.914,14.361422,14.738199,13.811137
57.36741687427,25.41350775954,10.396,-1.37,14.608603,14.975106,14.058444
57.42271711249,25.42431826086,-3.057,-0.515,14.012207,14.456138,13.39485
57.4539049182,25.44760731185,1.578,-11.959,12.510526,12.984436,11.87223
57.40510901128,25.44493378003,17.186,-9.191,11.407678,11.892293,10.749563
57.38113335381,25.44355333926,-0.144,-9.224,13.181015,13.447225,12.754414
57.3767253917,25.44536753811,2.635,-31.269,14.702069,15.363166,13.916573
57.24001994142,25.39126752908,13.604,-6.195,10.318485,10.729163,9.737515
57.27686038661,25.43527709294,14.96,6.231,12.758135,13.101904,12.243849
57.28128486053,25.4378577467,0.581,-4.379,14.74583,15.156955,14.16346
57.17198853543,25.41205486975,-2.371,-1.373,12.649517,13.262697,11.898255
57.31999747018,25.49751499828,-0.799,3.474,13.527212,14.111077,12.797269
57.28386227587,25.48168190179,-11.133,-60.078,13.426919,14.207912,12.566474
57.35372968933,25.49809579506,3.106,-0.575,13.281001,13.741411,12.650307
57.23978478007,25.50888843621,1.475,0.739,14.208619,14.758407,13.501127
57.67616512716,25.31892129306,-4.415,0.249,14.755862,15.129094,14.210057
57.64739484619,25.32136847601,-1.66,-4.766,13.639578,14.03728,13.07097
57.603039998,25.38321573998,-1.131,-3.512,13.955574,14.490674,13.265696
57.57373154237,25.37936374386,19.348,-45.86,9.52466,9.781733,9.102612
57.57795003735,25.3934346615,-1.128,-5.903,14.861117,15.400291,14.164607
55.20960230884,23.70327785615,6.824,-7.724,13.899271,14.454103,13.179125
55.22207357312,23.7319373209,79.492,-21.847,12.977225,13.436617,12.342855
55.2380634277,23.76347171098,10.252,-11.468,14.682887,15.168712,14.027364
55.16402711237,23.74999410953,-3.687,-3.816,13.429954,13.804623,12.880723
55.19345561915,23.76650799008,-2.499,-12.888,13.107254,13.566445,12.477536
55.26793417302,23.7501139579,9.529,-0.713,14.928836,15.391248,14.288365
55.28890179808,23.76701021526,4.591,-11.233,13.764058,14.340522,13.044213
55.25852764686,23.76220697256,23.782,-31.276,13.945809,14.550317,13.202454
55.25164289237,23.75751880768,-33.5,-1.838,11.854232,12.178776,11.322589
55.34743821792,23.79070790126,7.765,-7.232,14.885238,15.457435,14.166017
55.31998112314,23.81249390224,-2.051,-2.17,14.779926,15.187991,14.192693
55.30507982887,23.82280943087,0.61,-2.952,12.943971,13.671848,12.114903
55.2459711811,23.8004183808,-1.617,-7.215,14.948886,15.510925,14.233266
55.21985643698,23.82531831365,2.864,-3.525,14.676638,14.930573,14.263276
55.16652588912,23.84632942536,3.705,-2.561,12.147203,12.842369,11.337941
55.19565906717,23.8549851345,7.186,-7.681,14.214034,14.747475,13.520647
55.25146935055,23.86419513953,30.29,18.613,11.917818,12.264721,11.394387
55.41115919235,23.85137392227,4.133,3.318,13.842778,14.261046,13.248805
55.40136573751,23.93235460081,0.815,-0.537,13.287283,14.037416,12.440701
55.44942207582,23.92680257658,9.505,7.048,14.080687,14.505394,13.376617
55.46692834002,23.94619112445,14.933,-14.111,13.852372,14.535672,13.055222
55.50601822156,24.00735044448,-0.12,1.326,12.096298,12.815252,11.272163
55.41302586776,23.98776230513,38.044,-21.421,13.605123,14.166328,12.886444
55.29994117641,23.93639320846,3.445,1.954,12.596118,13.418798,11.704342
55.31870131797,23.95044625664,-1.618,-8.455,12.714483,13.27191,12.007037
55.29795766583,23.95903218377,1.674,-9.581,14.294,14.836562,13.587792
55.23441447021,23.94541516514,-3.649,-5.986,14.909329,15.540183,14.144775
55.36338490329,24.12092903085,7.316,-7.268,13.982787,14.544116,13.266471
55.12546963755,23.96339113542,-5.775,-8.402,14.857158,15.34907,14.193642
55.17132686497,23.98945173236,4.713,-4.635,12.354259,13.161074,11.472595
55.17909547868,24.06804519425,5.999,-12.871,11.264382,11.978884,10.44057
55.20627101959,24.09995466221,68.201,27.548,11.972004,12.407163,11.363198
55.18510876754,24.10083833798,2.67,-4.811,12.335657,13.260154,11.390776
55.33055864937,24.14792608425,0.439,2.021,14.034802,14.423461,13.467673
55.24903205375,24.11625882905,1.153,-8.385,14.328212,15.019484,13.521679
55.30544215173,24.1558696072,3.911,-1.191,13.748061,14.521241,12.889048
55.11743755641,24.17319020536,-4.053,-1.37,13.295886,13.983893,12.488484
55.12139320048,24.19631875254,7.073,-5.088,14.536067,14.993285,13.900417
55.19149678574,24.15328629759,7.696,-11.115,10.417453,11.109871,9.608492
55.25145766185,24.24175718993,1.44,-2.427,13.22706,13.623772,12.652587
55.12939567878,24.19445844029,2.372,-6.831,13.970858,14.60279,13.205067
55.14150022013,24.21999148249,11.742,-28.237,14.945936,15.612867,14.12399
55.15502420979,24.24798548877,-5.125,-3.517,14.139773,14.570242,13.530957
55.19497427946,24.21543980362,28.053,-12.9,10.869872,11.193922,10.37567
55.18823754404,24.28414875707,6.128,-10.698,12.637666,13.190848,11.931378
55.12650027324,24.23897546739,6.963,-2.04,11.583051,12.366261,10.723396
55.13545609622,24.29698088073,9.236,-0.798,13.420694,13.850277,12.818664
55.15587149446,24.31053918296,3.169,-6.927,14.410984,15.025624,13.6576
55.17076112666,24.31589337925,6.198,-11.087,12.623145,12.985801,12.085457
55.5621036581,23.99633970715,15.376,-9.433,13.567838,14.12345,12.858339
55.47647537868,24.05431892833,9.73,-12.508,12.218761,12.694871,11.571771
55.47648426168,24.05826693016,-1.521,-1.147,14.832969,15.286419,14.206611
55.54560012636,24.08553094902,21.505,-44.482,14.768776,16.127905,13.620842
55.51098293715,24.09524678837,9.137,-9.609,14.452799,14.926152,13.812272
55.64223154566,24.06558130698,1.144,-3.847,14.824596,15.317145,14.159208
55.63320824632,24.10776782899,6.684,-8.984,14.518112,15.033141,13.839437
55.68087319646,24.11669699171,16.99,-7.415,14.344315,14.961669,13.594418
55.66281460697,24.12632663175,-4.693,-8.991,13.152326,13.584344,12.530561
55.6115901843,24.12931333521,-6.132,-12.401,14.54309,15.060609,13.835058
55.58738662378,24.15660793477,8.522,-7.22,14.587811,15.104744,13.906439
55.6325039842,24.16777215882,5.802,-5.253,13.79915,14.166677,13.258449
55.48339792875,24.13493246243,5.047,-6.356,14.412793,14.8803,13.774021
55.48060156821,24.13630044386,-1.75,-8.39,14.63291,15.159606,13.943468
55.50970027029,24.14830370509,-11.51,-3.738,11.498559,12.136688,10.731503
55.41403235012,24.09562894355,7.692,-0.654,13.247528,13.973003,12.419314
55.42738080328,24.18183272588,-1.213,-1.329,11.922061,12.599272,11.096237
55.53612051491,24.18259229195,7.474,-12.6,14.863394,15.355932,14.203162
55.5963672333,24.20561339161,-1.44,-4.217,14.036066,14.523819,13.379353
55.59554386976,24.21483472394,15.888,-10.728,14.616904,15.208089,13.873842
55.49853401648,24.24567267414,8.521,-0.806,12.625573,13.010883,12.0659
55.53028509177,24.25131809982,0.52,-1.324,13.878619,14.701342,12.991271
55.52099512722,24.25785732238,9.207,-4.257,12.635708,13.021965,12.074193
55.54622661528,24.2646074844,-1.571,-0.476,14.007424,14.477066,13.366955
55.71891811236,24.16232345849,-1.918,0.001,14.064544,14.475516,13.478525
55.67905745849,24.19437893297,-0.485,-2.083,14.995007,15.492126,14.320395
55.6746878771,24.19927647337,20.123,-41.144,13.848956,14.731272,12.826828
55.68016605712,24.22428770725,0.254,-4.066,13.613009,14.306098,12.807439
55.68010675064,24.23458089023,-13.527,-8.656,14.543792,15.255348,13.701637
55.68199802113,24.23997014192,6.291,-6.616,14.513694,14.938332,13.918034
55.7019764807,24.26392940519,3.568,-4.812,14.207635,14.562962,13.618895
55.82953359654,24.25308283947,-1.033,-5.792,11.528402,12.936775,10.371569
55.83472981795,24.31033551487,-2.328,-4.739,14.579388,15.031838,13.955537
55.80271513379,24.36409510137,6.171,-5.005,12.817805,13.534175,11.998549
55.65227323766,24.25405666061,-2.136,4.781,13.162596,13.550852,12.594651
55.69135510109,24.27115900898,-5.551,-16.554,10.021638,10.681067,9.239182
55.61106133237,24.28332061048,28.583,-2.347,12.99027,13.457164,12.353408
55.56239512518,24.2846844469,4.659,-7.547,12.442783,12.781806,11.933506
55.65107458673,24.3315588133,1.721,-2.653,11.885183,12.632417,11.043537
55.72545664062,24.41788887866,4.769,-48.003,13.881902,14.642161,13.036889
55.68498694265,24.4214461817,2.795,-1.287,13.457844,14.060755,12.714339
55.35667110096,24.15549301899,-16.946,-14.111,12.885946,13.44284,12.178073
55.36772527882,24.17515403291,-2.67,-8.103,14.533198,15.048596,13.848748
55.32343929665,24.23050267571,0.048,-4.683,14.369525,14.768187,13.797809
55.31447578833,24.23344121145,1.287,-5.618,14.895531,15.617952,14.07049
55.45332369632,24.23803198567,10.475,-9.365,14.321613,14.86278,13.619239
55.42382183469,24.31943790247,5.049,-11.327,14.702699,15.206052,14.041136
55.42342723991,24.33333835697,25.121,-33.232,10.51904,11.02345,9.855207
55.29798334569,24.25004974395,7.698,-7.619,14.32201,14.73342,13.735494
55.26489345543,24.24081374655,1.436,-1.351,12.597168,13.314136,11.776167
55.33179693383,24.29396286734,37.097,-34.026,11.255396,11.608893,10.732373
55.23875710566,24.2653289509,3.001,-5.929,14.795304,15.253305,14.159877
55.25972945129,24.28101928976,8.65,-5.014,11.357115,12.048012,10.552429
55.2507870139,24.29296092076,29.229,-22.294,12.587207,13.104998,11.914228
55.22837260724,24.28850267612,4.877,6.467,14.042288,14.539529,13.379828
55.27167667852,24.34242794087,-0.014,-0.643,12.549446,13.182641,11.782229
55.36284120206,24.31842080197,14.77,-31.783,14.480084,15.272598,13.608915
55.36440427864,24.33087674115,-2.086,-6.148,13.386313,13.811823,12.785214
55.39083154093,24.32077003884,-3.571,-4.489,14.962051,15.505405,14.26426
55.55904745742,24.32361531614,0.899,-4.925,13.770363,14.145109,13.222015
55.53677524956,24.33930755177,0.856,-0.995,14.457487,14.970247,13.780217
55.62242006291,24.38457016079,7.851,-2.349,14.669002,15.133245,14.03729
55.49620110507,24.39241778624,7.026,-6.646,14.989162,15.433548,14.373285
55.55720221522,24.38981921897,-1.529,-5.548,14.905265,15.361112,14.274477
55.56254513515,24.40508815259,-0.212,-1.055,14.902676,15.260115,14.364206
55.64604831611,24.44656664068,6.475,-4.029,14.589315,15.195762,13.847673
55.6422141219,24.45024738932,-5.41,-9.584,14.703944,15.068569,14.143342
55.70953827489,24.46537102638,0.229,-6.397,14.902637,15.277878,14.353869
55.69421540646,24.46225606404,4.674,-5.386,14.500896,14.927712,13.901706
55.60989388752,24.4434692061,-4.137,4.454,14.618067,15.109351,13.962405
55.58408529675,24.46834106984,-0.48,-10.731,10.321238,10.593656,9.890824
55.6439800832,24.48662387366,7.501,-13.404,12.31393,12.991318,11.521098
55.62201503195,24.47928043905,-1.527,-0.963,14.330267,14.699631,13.782624
55.65239936392,24.50114433482,13.229,-2.88,14.10263,14.543243,13.483167
55.65274044952,24.50016727834,13.217,-2.844,13.431545,13.80836,12.875781
55.65122390167,24.51606615967,0.139,2.125,14.278151,14.70807,13.666633
55.6056519215,24.48862215881,5.791,-1.775,14.970657,15.556228,14.240206
55.53600741377,24.45072548722,14.204,-0.567,14.516162,15.046458,13.831263
55.50645925705,24.4829263993,-2.51,-1.844,14.526197,14.884092,13.992939
55.44481137034,24.46621536651,3.358,-16.037,14.487776,14.985105,13.830443
55.4256362365,24.48659417612,1.198,-10.18,14.630919,15.066378,14.024239
55.48216212816,24.51375732915,2.416,-1.185,14.615867,15.189495,13.894137
55.42217810418,24.50184955662,-5.318,-9.866,14.364173,14.883588,13.688106
55.54689978914,24.49992595997,3.478,-8.995,14.044458,14.665216,13.287514
55.55352118394,24.49924654166,-4.042,-2.107,13.410191,13.886497,12.771557
55.58226102234,24.5276923323,5.685,-4.984,13.420855,13.835942,12.836799
55.59526677042,24.53336725498,29.625,-69.572,12.95114,13.579968,12.179465
55.55751472459,24.54127226668,-8.765,-8.005,14.737227,15.363208,13.978663
55.58341041815,24.57003897489,1.411,-3.466,14.67929,15.088081,14.09556
55.5140098613,24.56207185694,4.177,0.377,12.321018,12.769488,11.699898
55.50878450877,24.56755833357,27.56,-5.946,13.768433,14.268322,13.103613
55.55348871301,24.57268422207,15.998,14.718,14.990401,15.492204,14.333773
55.90601770088,24.32077170698,2.586,-7.526,13.665737,14.082654,13.075042
55.9036555895,24.32992437427,0.832,-1.891,14.901267,15.507185,14.147798
55.93026689509,24.37439024189,19.48,-40.048,8.198288,8.314782,7.966471
55.93305350512,24.37539371808,0.91,-3.911,14.425824,14.851212,13.791194
55.84546306838,24.36849015369,-6.491,-6.039,14.640132,15.126833,13.98571
55.86283390562,24.40553708072,38.195,-82.165,13.820525,14.810359,12.827727
55.90390788824,24.39378107218,19.551,-44.493,13.636955,14.524401,12.698147
55.9755291912,24.39856840651,-1.824,-3.421,14.30414,14.725683,13.705701
55.95324584911,24.41290345235,0.303,-6.198,13.957839,14.407599,13.33281
55.98213353783,24.42620429717,21.386,-47.736,13.767338,14.708723,12.79974
55.99639466432,24.45452510919,-3.22,-34.708,11.831038,12.169257,11.321008
56.0148582894,24.50404176792,22.073,-45.872,10.529655,10.896353,9.992223
55.9545163487,24.50149927466,1.243,1.958,14.603638,15.093346,13.945088
55.9889266124,24.51031811941,4.963,-8.433,13.997336,14.435226,13.383177
55.98696169746,24.53258071446,-6.504,-14.013,11.613476,12.260408,10.83634
55.97724150254,24.53091210249,-1.163,-8.282,14.481937,14.925097,13.864035
55.80900579306,24.38817635068,2.849,-0.155,14.929185,15.580589,14.145461
55.83155191347,24.41596878545,14.888,12.017,11.865888,12.255582,11.302376
55.82906750686,24.43290410013,-14.595,-22.067,14.973676,15.659718,14.132277
55.80270127021,24.42159594154,-3.216,-14.14,14.659538,15.139953,14.012234
55.8446852832,24.44581032483,5.304,-7.206,14.051829,14.525541,13.408943
55.84340580612,24.48616485395,7.658,-11.823,12.157631,12.577758,11.566262
55.73167710926,24.46626607322,1.747,-4.195,14.941434,15.622211,14.138083
55.78348245818,24.47714151818,2.581,-9.441,13.685906,14.168201,13.03842
55.76784477148,24.48567643822,23.252,-15.932,12.10905,12.488204,11.546642
55.81078348396,24.49209823383,4.817,-4.481,14.771161,15.204392,14.159658
55.89887589261,24.48608335256,14.47,-5.321,14.748463,15.290615,14.050867
55.90931520924,24.52302949999,2.964,-3.389,14.24389,14.918975,13.449224
55.943672682,24.53707784303,-0.067,-11.493,14.955786,15.386542,14.356117
55.90980902531,24.53303485423,-1.671,-5.773,14.6857,15.070493,14.115624
55.92569599196,24.57301221617,22.665,-46.477,14.651505,15.777858,13.380641
55.87967880662,24.57149047395,7.0,-9.456,14.632808,15.084097,14.005033
55.89515654567,24.58873457743,-6.172,-6.007,13.508788,13.992666,12.850404
55.89442108251,24.59381204915,-0.126,-1.269,11.85221,12.780177,10.909478
56.10489581424,24.54133187152,-1.346,0.338,14.853726,15.326279,14.205979
56.03112896982,24.51990606996,2.761,-1.596,11.803845,12.85774,10.796424
56.05399722593,24.55736524913,-0.874,-6.539,12.100538,12.507195,11.515084
56.08216813477,24.55855815375,3.044,-7.633,13.70703,14.087274,13.15177
56.10957903583,24.58950062402,19.656,-46.048,11.282754,11.738189,10.658539
56.06978430925,24.58234403773,1.488,-3.024,14.296107,14.979968,13.49407
56.15388269887,24.57052298155,-8.256,-1.695,14.867562,15.406294,14.173152
56.16827768922,24.58709533982,6.009,5.606,14.771183,15.221652,14.147261
56.17834965695,24.60797140821,-6.353,-0.282,13.971095,14.481267,13.295362
56.12314893652,24.59158795153,216.599,-91.243,14.715755,15.355768,13.940562
56.14914826503,24.63820273075,-3.575,-4.552,14.410429,14.840667,13.806446
56.1683653912,24.65251851807,-0.149,-10.082,14.863096,15.361631,14.194375
56.00122131402,24.55679292621,20.535,-46.19,8.041619,8.130938,7.858599
55.95976875342,24.59470733904,6.88,-2.008,14.42832,14.837736,13.837855
56.0526336556,24.62383309139,9.684,-18.768,13.664697,14.136396,13.026271
56.01517399227,24.64210936249,-0.627,4.647,14.804605,15.28071,14.158807
56.01703411533,24.65406749892,12.425,1.988,14.984523,15.517623,14.289692
56.09581015851,24.65150306422,-0.884,-2.582,13.475232,14.149817,12.678309
56.12314772682,24.71473070885,-11.363,-20.37,13.239057,13.673209,12.627958
56.0397623007,24.71152493386,-1.673,-6.093,14.810821,15.3171,14.134981
56.05256703878,24.7375242811,,,11.157262,11.490476,10.63612
56.0913769195,24.76820671722,21.238,-46.651,12.553257,13.180518,11.786735
56.08555902364,24.77265650136,20.78,-46.366,10.84777,11.317899,10.209844
55.70377773526,24.48292413737,-8.886,-1.415,10.337636,10.636589,9.87038
55.72974574866,24.49286881728,21.21,-45.117,9.370605,9.61723,8.960799
55.70953140093,24.49184081734,9.349,-6.596,13.323156,13.735129,12.738557
55.71734424379,24.52671672511,-5.244,-0.862,14.442288,14.927782,13.790608
55.77198668635,24.52975431773,9.792,-0.78,13.794913,14.208887,13.20841
55.75376394013,24.54484054104,2.812,-10.622,10.77664,11.081872,10.299007
55.6473450326,24.53789633514,-2.065,-10.271,10.316847,10.892289,9.59852
55.84622726556,24.59389426331,6.551,-8.106,14.500751,15.087264,13.767044
55.85024417781,24.60020781245,-1.067,-6.223,14.028798,14.490753,13.395745
55.85905260373,24.61858004298,38.129,-26.815,13.008998,13.473485,12.383564
55.7504398027,24.64847812243,2.576,-1.189,13.714061,14.394341,12.915957
55.80453808024,24.65524287677,20.551,-43.955,14.889832,16.194736,13.762322
55.69737659633,24.61955620567,-2.431,-21.215,14.196373,14.648726,13.567139
55.62369611495,24.63155903958,3.068,-4.563,14.610711,15.094603,13.964859
55.57588959788,24.62110872871,6.321,1.437,12.976652,13.60905,12.212728
55.6324753214,24.63822484899,0.798,-3.264,13.67231,14.361284,12.869821
55.72902411028,24.6815947721,0.23,-3.361,11.406983,12.54796,10.361569
55.76236248276,24.66955812561,19.449,-46.252,11.684883,12.169249,11.045845
55.79549004083,24.69842225611,-1.009,-1.27,14.467366,15.130044,13.68112
55.71074148584,24.70405149917,,,14.818266,15.337007,13.765816
55.71712678127,24.70251243263,1.963,3.421,14.867251,15.411094,14.162766
55.71743024443,24.70167345297,1.949,3.424,14.797314,15.323026,14.099378
55.71366554645,24.76547785393,,,12.591778,12.415694,11.361537
55.71380256561,24.76539992987,0.581,1.481,12.791684,,
55.91627895395,24.64835054578,14.696,-24.209,14.64333,15.231327,13.914609
55.88201857418,24.65277558585,13.149,-11.735,11.774526,12.124627,11.25011
55.83873396809,24.68753447448,-37.281,-46.26,13.067762,13.725089,12.288603
55.90858211591,24.71968050155,0.858,-4.571,14.077238,14.515596,13.466771
55.88836678483,24.72765487252,10.951,-12.042,14.285569,14.830125,13.587324
55.91468792733,24.74158503773,-4.436,-2.005,13.505136,13.892792,12.940488
55.907559592,24.74659063282,-3.044,-4.082,14.967472,15.589498,14.206709
55.89566822624,24.78099435663,-0.682,-5.508,12.859011,13.704752,11.960061
56.02451762498,24.74879485788,27.535,-30.277,12.756058,13.288053,12.063718
56.05809868574,24.77919524107,20.641,-45.236,10.600085,10.958863,10.071496
56.01352895158,24.81259181673,5.318,-18.443,14.979501,15.265546,14.517556
55.97507582061,24.79888132431,3.352,-2.38,14.939681,15.511184,14.207285
55.9673819458,24.84141715924,21.078,-44.258,13.734854,14.646505,12.78727
55.78747929493,24.79324101385,-0.308,-0.427,14.647091,15.08425,14.016784
55.7626433987,24.78836526536,5.411,0.42,14.867012,15.623792,14.021583
55.77292082515,24.80794333454,-0.984,-9.033,10.82099,11.39841,10.093189
55.82474947919,24.81257989164,3.775,-6.051,13.629756,14.138846,12.958583
55.79351621758,24.80485759916,-2.046,-9.934,14.852353,15.219646,14.197104
55.77315476853,24.82441093119,18.42,-46.966,14.418429,15.786762,13.26437
55.87251453832,24.82721472674,2.751,-0.473,14.451158,15.025578,13.719867
55.91602108593,24.8585519122,-5.486,-7.211,12.051893,12.392453,11.489587
55.94202995763,24.90277282752,-0.104,-3.381,14.725012,15.250138,14.032316
55.85075182561,24.83680599803,0.8,1.145,12.507846,13.266161,11.658286
55.90413727367,24.91974394406,-1.929,-3.217,11.065628,11.754152,10.259629
55.19670422393,24.35197189098,5.131,-0.894,11.482883,12.169814,10.681815
55.20461386213,24.35773276126,2.574,-1.151,14.400764,14.776238,13.846082
55.12915366729,24.36120748813,-14.249,-43.932,12.599703,13.579195,11.615736
55.17909780313,24.39565885963,14.441,-8.292,13.721591,14.225741,13.060122
55.16170557636,24.41880119376,14.77,-9.196,12.531411,12.930862,11.958079
55.19604459606,24.45055312262,8.281,-4.631,14.457418,14.875295,13.867146
55.33436674443,24.44010030887,8.205,5.73,14.650175,15.306747,13.855849
55.33403130969,24.44208857605,8.102,5.361,13.991431,14.548867,13.276188
55.24801613008,24.4566030679,0.378,-2.26,13.342189,13.97145,12.5781
55.23154374818,24.45676338932,10.96,-23.798,9.615829,9.963165,9.094253
55.2076378373,24.46666893871,5.849,-4.437,14.507884,15.017381,13.840688
55.27574569885,24.48362683804,-2.081,5.451,13.87587,14.258135,13.319248
55.17383875621,24.49505016903,4.452,-2.206,14.692028,15.115643,14.081868
55.24777621083,24.51773533054,-2.141,1.542,14.844844,15.277781,14.238704
55.27245611628,24.54358142671,3.861,2.543,13.544876,13.959782,12.957323
55.23766335064,24.56416277302,0.973,-3.641,14.973565,15.458632,14.32032
55.35679676792,24.49549754239,-5.738,-3.177,13.867063,14.289622,13.277795
55.36475401977,24.52897667061,-4.917,3.239,14.654567,15.144901,14.000454
55.37383022972,24.54059818543,23.731,-32.604,14.909758,15.981213,13.882524
55.2973850779,24.55310455195,-1.239,-1.145,12.661168,12.745945,12.50027
55.329439249,24.56663127117,10.776,-12.606,13.613651,14.149551,12.91952
55.4956306993,24.6042798323,2.41,-0.063,14.515495,15.139695,13.75917
55.50931726392,24.63319381725,1.7,-4.34,14.625084,15.028327,14.045099
55.45087540055,24.6227756813,-4.916,-1.134,14.404455,14.812199,13.820972
55.29793266907,24.56357550892,-15.667,-2.252,14.241865,14.980101,13.402857
55.29685336615,24.57747472343,13.982,2.208,14.909493,15.375813,14.271157
55.27134571827,24.61013144362,4.308,-2.992,14.143487,14.5254,13.59062
55.26805614609,24.63081195519,3.313,-4.012,14.125948,14.844891,13.294541
55.25322778531,24.63599785101,13.757,-8.757,14.705043,15.235481,14.014094
55.39801736439,24.67288258898,-4.201,-4.18,14.438701,15.162809,13.614521
55.40176785512,24.68799982145,-1.698,-2.39,14.396886,14.783863,13.836149
55.33591648195,24.73521657194,-1.385,-7.306,13.168108,13.57151,12.588389
55.26095238592,24.7443475684,11.216,1.197,13.416204,13.855371,12.803682
55.30177084548,24.80020377278,4.983,0.025,13.483417,13.901517,12.88796
55.58985581891,24.66447145909,20.383,-45.169,13.830462,14.770897,12.864971
55.52519376637,24.65486665456,11.863,-10.32,14.955054,15.567946,14.205371
55.52920413724,24.67018018414,5.548,-6.829,14.386827,14.835624,13.760551
55.57102526057,24.7132250765,1.301,-5.434,14.901301,15.364393,14.267181
55.49545267867,24.67543408035,-18.475,-46.245,12.363795,12.776472,11.781973
55.51592567606,24.71253625904,21.722,-45.292,13.592579,14.215121,12.341842
55.51625003415,24.71230890278,22.206,-46.624,13.516845,13.966045,12.166754
55.64322167221,24.71744949414,6.687,-6.367,14.564801,14.974813,13.984262
55.61135735174,24.75538953811,8.644,-4.046,14.452604,14.883987,13.842876
55.59633146918,24.82338014631,7.362,-7.258,13.746148,14.15016,13.167243
55.45052780616,24.72067365492,24.888,-11.318,11.408781,11.854197,10.794042
55.44562685826,24.77830900802,0.368,1.45,13.701745,14.001678,13.239058
55.44504738386,24.7848756141,0.131,-5.238,14.90013,15.547842,14.128604
55.45331555462,24.86014248672,19.276,-15.294,13.16357,13.545469,12.556697
55.54979347308,24.8115520453,2.202,-4.362,11.525576,12.239294,10.708357
55.55890172168,24.84053077755,30.789,1.884,13.933412,14.376243,13.320305
55.52941366871,24.84728299611,1.355,-0.882,14.167111,14.485195,13.679757
55.60534576837,24.86418045362,1.106,-5.348,13.54324,13.939472,12.974815
55.54904869263,24.89854071694,-3.573,1.25,9.575382,10.41073,8.681438
55.55869765399,24.94192822364,-1.159,-17.724,13.551684,14.103129,12.851073
55.72639608172,24.81941619838,17.316,-12.367,13.518745,13.976761,12.890685
55.69404198655,24.82577046842,0.604,-13.274,14.685676,14.859714,13.716186
55.76633442849,24.83333868685,1.466,-6.526,14.620432,15.041639,14.024675
55.78640251442,24.86839950524,-3.722,-6.966,13.080624,13.509988,12.470464
55.68985702105,24.89597295263,-1.65,-2.511,14.817532,15.31313,14.148157
55.78464105138,24.90922984116,-0.555,-6.015,14.745419,15.340923,14.003925
55.88481443375,24.96162553532,14.615,-9.428,13.41425,13.926588,12.742899
55.78802985723,24.9523631469,8.255,-4.095,14.617947,15.29083,13.828621
55.76651531549,24.98705285293,12.228,-5.75,14.224801,14.366315,13.140053
55.8383198834,24.98413877,-2.817,-5.359,13.013527,13.682941,12.220248
55.82421048768,24.9852884071,3.536,-5.921,14.504107,14.94154,13.892589
55.84372454217,24.99623187003,1.785,-23.876,14.038624,14.481282,13.420247
55.64931117711,24.88718769244,1.269,-3.519,14.73914,15.126078,14.173095
55.63343025245,24.93009148549,-2.216,-2.301,14.415018,14.945612,13.724302
55.68491511441,24.94889741951,-17.357,-10.173,12.498029,12.915585,11.9147
55.5988301031,24.95665639019,3.403,-0.862,12.653754,13.35677,11.841684
55.64559191082,24.97509042732,-1.375,-16.684,13.916061,14.492354,13.192448
55.62962229349,24.99026120972,8.638,-2.693,13.894214,14.534078,13.102341
55.71000942384,24.96613186168,1.852,-7.113,14.882754,15.400754,14.199845
55.76824446481,25.00758520876,3.131,-1.416,13.880675,14.262893,13.323291
55.69708003854,25.05748357445,-1.403,-3.464,13.02315,13.016734,11.938566
55.69718956369,25.05780063653,-1.318,-3.529,13.335132,,
55.73743429946,25.06681908743,7.627,-0.592,14.584928,15.049175,13.948653
55.72592806395,25.07370073219,-4.541,-19.043,12.511621,13.109992,11.766259
55.71761275872,25.09783507037,3.621,-10.995,12.120698,12.488752,11.576137
55.37009035712,24.80165957004,-1.236,-17.655,11.772692,12.141309,11.237897
55.44433877799,24.87414681441,8.639,-2.678,12.657096,13.01875,12.121032
55.39447102771,24.86488469882,-5.15,2.725,11.924855,12.131878,11.591173
55.40749878794,24.88873221857,12.046,-15.342,13.618644,13.60265,12.429268
55.40774475647,24.88854578476,,,13.855653,13.736137,12.785681
55.40912188277,24.90033459883,11.058,-11.54,12.29883,12.502248,11.954728
55.38563472483,24.8992983605,1.433,-6.164,14.596107,14.998576,14.017109
55.3523229021,24.90247312194,0.046,-3.801,12.801918,13.50645,11.988253
55.36161283993,24.90567243679,2.726,-0.82,12.83202,13.201416,12.28771
55.35703549436,24.90628678891,0.222,-4.443,13.907323,14.289313,13.346742
55.45368144809,24.93330821637,3.554,-7.177,12.598389,12.930779,12.098
55.52604120349,24.93951404011,-0.831,-16.162,14.485889,14.968154,13.842844
55.51328682281,24.94421168885,13.293,-11.51,13.003043,13.473493,12.37287
55.41468500881,24.92137812066,9.29,3.791,14.228984,14.658525,13.550809
55.41853889224,24.93233789936,2.083,-2.613,12.866008,13.492876,12.034611
55.42013368886,24.93862770776,-1.802,-3.649,11.674025,12.087734,11.096231
55.44003185808,24.95959351269,7.629,-6.324,12.876265,13.497807,12.117275
55.45720177294,24.98669571598,13.634,-6.05,12.090201,12.460161,11.543174
55.46097292865,25.01747718847,1.546,-17.446,14.014253,14.420709,13.432527
55.55775284494,24.98149353861,4.559,-5.175,14.330646,14.903016,13.609438
55.53695144171,24.98233094097,-7.023,-16.772,14.689299,15.245448,13.982914
55.54050816411,24.99523144836,0.86,-2.687,12.534326,13.169072,11.767735
55.55132056218,25.02210749608,-6.102,0.72,14.471966,15.141844,13.68279
55.61508149876,25.0468282476,19.371,-43.267,12.376555,12.961727,11.653043
55.58035633945,25.0386838882,-0.599,-6.834,14.675969,15.331806,13.888595
55.53827641082,25.07361533564,-1.082,-6.835,14.36557,15.020345,13.56927
55.53571071638,25.0770838171,2.086,-1.341,14.024734,14.659748,13.258504
55.61837180669,25.05864213124,8.126,2.513,11.573269,12.180862,10.82337
55.68503842318,25.10854511751,2.365,-1.359,14.39707,14.885369,13.739903
55.70711970924,25.10758917223,9.637,-11.14,14.110689,14.647565,13.42253
55.60826986501,25.09394189112,24.933,-24.997,14.363688,14.912574,13.665392
55.56801951842,25.11457872492,-1.926,0.711,14.981574,15.46674,14.327883
55.5732407158,25.14141673947,-5.273,-3.644,14.117796,14.627243,13.443269
55.59579319658,25.16125736839,-17.401,-10.235,14.863672,15.544063,14.066401
55.63992004797,25.18440667317,3.635,0.857,14.779197,15.157952,14.222848
55.61994009352,25.1946922629,1.765,-1.86,13.799943,14.434827,13.032997
56.24896387883,24.64636168872,7.372,-6.37,14.871923,15.408646,14.171553
56.24727995894,24.65570538538,0.498,-3.827,14.53862,14.949217,13.942678
56.21224469443,24.6667760769,-2.3,-7.141,14.71975,15.169924,14.0934
56.22810035074,24.68300754085,1.33,-0.56,14.499322,14.991542,13.832808
56.28683184468,24.67512473133,38.177,-31.415,13.168404,13.714076,12.460723
56.19238929436,24.7301757905,-11.242,-16.167,11.86644,12.49723,11.101456
56.26117605285,24.71848390386,1.0,-6.53,14.714972,15.191319,14.075709
56.22817722574,24.73082392327,5.058,-5.76,12.816742,13.384903,12.098649
56.35401399625,24.72711803026,-0.937,-4.853,13.715809,14.165737,13.093796
56.34970372723,24.73264704823,0.999,-1.852,13.953472,14.431194,13.287892
56.32343861125,24.72455660294,9.089,-7.33,11.397577,11.808537,10.802973
56.36491515079,24.76583322999,-2.157,-0.853,14.501296,14.983254,13.843054
56.28454060178,24.77197624244,6.019,-5.273,13.612555,13.836432,13.250379
56.29454663651,24.79711884238,1.077,-0.133,14.28987,14.970999,13.492025
56.36079273058,24.8115403905,0.012,-0.843,14.023036,14.885876,13.114674
56.30802716796,24.8264201416,-2.796,-2.907,14.620157,15.15519,13.930598
56.34798254632,24.85060437616,20.863,-44.54,14.467274,15.619524,13.387757
56.1913717868,24.74389743942,17.269,-5.474,14.48532,14.975417,13.831222
56.1666790877,24.76549616904,52.108,-13.153,14.624783,15.346827,13.802096
56.23560921928,24.78772170352,-3.918,-12.622,11.373412,12.11491,10.53723
56.10348570343,24.76821283213,20.01,-45.865,14.463644,15.626272,13.390887
56.15292253635,24.78585309177,6.579,-1.824,14.804828,15.27925,14.162725
56.14432451909,24.792348619,1.272,-21.164,14.597114,15.105347,13.925826
56.0838049309,24.79596109694,19.899,-46.568,10.473494,10.826579,9.955907
56.16992233858,24.81833395795,20.239,-45.446,9.715471,9.987203,9.281519
56.23463120759,24.80522597389,1.95,-0.091,13.818709,14.448196,13.012383
56.29068291044,24.83905700412,20.218,-46.124,5.640408,5.600362,5.680828
56.33364523653,24.8718948982,0.486,-7.475,13.518838,13.877029,12.988191
56.21112816492,24.88899516251,2.978,-3.914,13.196136,13.626719,12.530214
56.20917356922,24.91091026358,20.085,-48.023,12.985639,13.718534,12.15587
56.24563042808,24.92956557577,14.356,-13.178,14.367099,14.836659,13.737282
56.49634152212,24.85525098455,-1.402,-7.478,13.89826,14.474237,13.177067
56.45142147053,24.87844147681,-22.574,-8.537,12.70336,13.127985,12.104629
56.38879126124,24.85878257568,4.728,1.977,14.582474,15.024216,13.969088
56.4255932121,24.9057892617,,,9.423796,9.69431,8.871139
56.40306379183,24.90192495165,18.289,-5.053,9.95226,10.692184,9.116244
56.42486485652,24.919173566,5.443,-9.522,13.509831,13.924413,12.923217
56.5402279527,24.90930108386,-1.529,-0.48,11.142351,12.817372,9.919523
56.53858436055,24.91799077368,11.206,-11.569,13.231255,13.634312,12.649841
56.5385652604,24.9315584255,-1.763,-4.49,13.082752,13.481684,12.506943
56.59773658862,24.95254762849,-5.307,9.851,13.559748,13.957634,12.975481
56.52405572678,24.99290204796,2.762,-12.191,9.962148,10.239791,9.514773
56.47788265838,25.001044232,-2.914,-5.917,14.314732,14.699275,13.753951
56.53055045037,25.01917186794,2.36,-48.986,13.416118,14.145695,12.588436
56.52559425578,25.01684313146,1.984,-50.035,10.437319,10.798083,9.899937
56.52613792798,25.01651650629,0.777,-48.322,14.42801,14.074115,12.887434
56.35062955613,24.88577921414,20.543,-45.57,9.570481,9.832442,9.147874
56.32240357542,24.88848182014,-0.714,-14.991,11.834035,12.242853,11.248331
56.33701983849,24.92187444149,20.356,-44.16,8.900821,9.130817,8.51024
56.40501417016,24.96701463634,-0.533,-5.869,14.343833,14.746423,13.772234
56.31418653403,24.93384442659,8.024,-9.106,12.31586,12.737992,11.706659
56.30745233786,24.94114523384,10.852,-6.585,14.839954,15.323623,14.194433
56.33840205967,24.98998385089,4.749,-15.51,13.949868,14.40844,13.322316
56.42839471081,24.99000737258,4.361,-13.644,14.145124,14.620775,13.507305
56.43979097131,24.98747480651,7.773,0.284,11.350494,11.977791,10.591572
56.4967233454,25.02547485704,-12.643,-28.424,14.09234,14.575811,13.44172
56.47724523003,25.0643308868,-1.812,-3.179,14.085261,14.564421,13.447192
56.389876798,25.0177613534,2.739,1.818,13.282846,13.733587,12.663307
56.42695832729,25.05691316079,15.237,-38.46,13.027423,13.663217,12.253275
56.09054248728,24.82868847224,-1.927,-4.354,14.820478,15.323552,14.158395
56.11385520617,24.84375697029,20.677,-48.989,13.280735,14.289417,12.280123
56.08424330946,24.87491465729,-1.381,-3.972,8.10604,9.100798,7.125944
56.04677663642,24.9028142969,5.105,-6.606,13.961596,14.635773,13.1625
56.18294444658,24.90485037585,1.664,-2.87,14.083578,14.445094,13.549774
56.16544161262,24.91078020208,0.475,-4.041,14.752443,15.13302,14.194253
56.15865426662,24.91402534031,5.318,1.868,14.712006,15.172044,14.081288
56.20077207974,24.91923703233,1.257,-0.373,14.795776,15.228351,14.180381
56.22461822775,24.9432268716,2.584,-10.409,13.69925,13.806679,12.811671
56.2101409344,24.97709439327,4.095,-0.337,14.561898,15.14723,13.834017
56.15536640487,24.96254641821,8.16,-16.028,13.662147,14.07015,13.083339
55.98047371324,24.89745204385,1.537,-1.233,14.858687,15.315149,14.215935
55.9479850009,24.95817047108,0.24,-2.641,12.871422,13.164534,12.40694
55.94644663289,24.96806551083,6.605,-7.269,10.67102,11.404236,9.839162
56.01779348562,24.9896169244,18.686,-47.788,10.561445,10.907932,10.044397
56.10222695654,25.00075022429,0.782,0.041,14.25088,14.663428,13.66046
56.15367448879,25.03906066711,-1.202,-5.296,13.618594,13.959262,13.104795
56.11700691267,25.04589495927,3.583,-4.51,14.318461,14.823364,13.646253
56.02820900166,25.00326682365,61.856,-28.202,12.938337,13.41126,12.295721
56.0829459319,25.04369959509,-9.98,-22.355,14.599847,15.113988,13.922838
56.06280761842,25.07309678227,5.324,-0.555,10.714352,11.422895,9.896609
56.27801732166,24.98675314174,3.443,-12.898,13.703291,14.212284,13.030621
56.31398455028,25.03359892662,4.431,-5.195,13.790643,14.117373,13.112927
56.30277150351,25.03351819828,14.362,-0.21,14.906381,15.465989,14.200993
56.28107221263,25.03166915231,2.399,-6.701,12.28363,12.585719,11.813988
56.29060899024,25.0656367177,3.229,-4.608,14.527374,14.846431,14.036177
56.20492698548,25.03927035861,-3.825,-2.221,14.142665,14.594708,13.521001
56.31945269023,25.08072507974,-2.134,-9.744,14.780794,15.345205,14.067489
56.30646591339,25.08756084914,20.586,-46.245,12.777334,13.446063,11.981714
56.30933332022,25.08863163862,18.962,-41.368,13.686684,14.534371,12.777094
56.32570328428,25.09934109815,20.864,-46.294,13.570004,14.436668,12.655458
56.31603054681,25.1099493524,22.251,-69.036,14.539795,15.902991,13.391995
56.32273357492,25.13466425765,0.456,0.479,14.745489,15.325104,14.012244
56.18623016127,25.05987371256,0.847,-5.259,13.218829,13.577379,12.680329
56.14063998349,25.08737282711,5.424,-4.622,14.575334,14.949076,14.02248
56.11952434119,25.09690051857,-16.959,-50.36,14.330627,15.211645,13.408592
56.1339584839,25.10644889136,-17.029,-50.325,14.31169,15.18375,13.392943
56.15605465286,25.13758449624,22.077,-46.671,12.791924,13.489324,11.986783
56.15408700175,25.17805323607,11.808,-1.99,14.704404,15.239567,13.989878
56.30770095087,25.18922854379,-3.071,-15.882,14.824255,15.205134,14.263111
56.26912735033,25.20510152986,5.706,-6.618,14.681811,15.084644,14.107224
56.28824139842,25.21118961773,,,13.893433,13.994289,13.032682
56.29881995648,25.23200550862,4.708,-6.205,13.935274,14.321366,13.373666
56.20554445622,25.18370782055,-2.902,-10.987,14.8503,15.797897,13.812884
56.18124510814,25.18435627682,-0.17,-0.986,14.908802,15.449546,14.197959
56.25796804588,25.24090571234,6.527,-2.492,14.812002,15.314588,14.138579
56.26681313038,25.25764686691,18.648,-45.408,10.546825,10.903749,10.023086
56.60780598752,25.01797151772,5.948,-5.462,9.155001,10.359783,8.076756
56.66463570774,25.02409511399,2.121,-3.249,14.891664,15.312939,14.291145
56.62848261418,25.05027105024,-1.009,-6.671,14.406866,14.884536,13.755718
56.63551049492,25.05784506217,66.139,-29.515,12.639331,13.133397,11.985076
56.5364147536,25.01952715571,1.716,-9.995,14.401501,14.805198,13.820915
56.56244500661,25.04230350759,9.237,-4.939,12.817081,13.208211,12.251283
56.57686076111,25.05369211885,-2.497,-13.117,14.398597,14.827761,13.792567
56.56843242645,25.06356014363,4.113,-4.766,13.004341,13.52629,12.323452
56.58936552072,25.04770125576,-7.651,-6.378,14.763812,15.708535,13.805962
56.66249864377,25.09219620318,5.782,-6.025,14.178047,14.546159,13.633562
56.71686059367,25.12676409546,-1.164,-4.936,10.500521,10.689122,10.166042
56.72894741594,25.14431919635,0.759,-0.13,13.147667,13.841853,12.342379
56.70332541945,25.15393502928,7.432,2.084,14.925492,15.441516,14.249701
56.50241376884,25.05089335176,1.195,-3.765,14.878076,15.259505,14.32057
56.49771364341,25.05158349229,13.887,-12.973,9.61621,9.812063,9.271503
56.49482580313,25.06548235764,14.033,-16.794,14.918819,15.374853,14.291404
56.59259411682,25.11133154658,25.931,-7.857,13.913157,14.580975,13.124558
56.53200170557,25.1424850125,2.997,-11.509,11.658893,12.0416,11.108518
56.53398312262,25.17430103848,36.694,-8.556,13.782593,14.539274,12.938303
56.50758790427,25.18539417785,2.418,-1.156,14.839511,15.243741,14.261718
56.61407039499,25.13533113169,20.866,-45.54,10.402031,10.737002,9.900019
56.57826299613,25.14475173712,-13.653,-29.969,13.169973,13.676065,12.506371
56.65398007757,25.18679207425,15.049,15.197,13.165579,13.55625,12.598763
56.6693974571,25.21105451448,3.475,-7.39,13.535567,13.953402,12.942694
56.62055038273,25.209194786,6.816,-0.321,13.878762,14.277924,13.30545
56.60289095634,25.21175387004,95.437,-68.219,9.819366,10.25641,9.216388
56.62615566932,25.22955740913,45.784,14.706,12.99112,13.478918,12.344277
56.75271665419,25.16320274512,14.464,-23.17,13.414925,13.922114,12.744668
56.8229753961,25.20717066875,-3.576,-11.576,14.620228,15.112609,13.960786
56.83038906565,25.21425922665,3.043,-3.37,13.989574,14.392695,13.414075
56.72386605584,25.18899313592,0.071,-6.319,14.231374,14.5897,13.696186
56.72307930448,25.22479829001,48.149,-31.736,12.231357,12.639466,11.65565
56.77160724094,25.20970907735,11.347,-14.588,12.142953,12.496618,11.614988
56.74667644334,25.23320208654,-8.603,-14.19,14.940348,15.510817,14.224114
56.73767042409,25.24260897007,4.096,2.801,13.786246,14.325004,13.08941
56.75630759467,25.25078354752,0.151,-3.832,14.602128,14.962208,14.068048
56.88067707556,25.25368093605,1.31,-3.693,10.426299,10.92371,9.463455
56.9208527646,25.25405452136,-3.373,-18.832,14.688267,15.280451,13.947922
56.92436849517,25.25705318752,4.673,2.512,14.958805,15.32313,14.417773
56.94467584714,25.28687661286,20.421,-15.748,11.151722,11.4808,10.65403
56.92265118052,25.28662491656,0.779,-2.026,13.855858,14.209738,13.329711
56.93457940937,25.29691064961,-0.637,-0.628,12.267737,13.09713,11.379618
56.91754105589,25.31375860149,12.362,-22.725,12.59392,13.02905,11.986237
56.81808593491,25.29327332461,4.522,-11.824,8.631587,9.282743,7.853902
56.8927778995,25.32573908854,-0.807,-3.559,13.318998,13.686904,12.775724
56.70593688352,25.22364997203,7.06,-7.007,12.757842,13.088896,12.168149
56.67615999559,25.22422247105,7.063,-6.33,13.147374,13.464444,12.651931
56.7301897859,25.26923416304,9.398,1.52,14.77257,15.162067,14.207939
56.68792665699,25.29485229965,0.821,-5.982,12.952578,13.26245,12.476772
56.71034367097,25.33397258041,3.099,-2.997,12.937476,13.676963,12.102568
56.6831220734,25.35785262942,5.411,-6.805,12.281339,12.687114,11.696687
56.78519237125,25.35243400598,20.289,12.379,13.690023,14.295468,12.881244
56.80635584736,25.35711113982,7.101,-8.285,12.303307,12.612366,11.828691
56.81177708244,25.37162604311,19.562,-45.938,11.425433,11.884131,10.797315
56.82558694764,25.39856656396,-3.568,-3.936,14.614954,14.886033,13.694011
56.72192612243,25.37654037639,-1.311,-0.725,13.867258,14.438355,13.148648
56.39837698682,25.15293688881,-3.15,3.019,13.081182,13.378534,12.595235
56.40549670783,25.17358908656,4.333,-4.061,14.815435,15.25349,14.212708
56.43355640245,25.18681321505,5.437,-6.459,14.642015,15.101722,14.019957
56.39580586231,25.18843490258,4.616,-5.276,12.506168,13.163931,11.726432
56.37418873199,25.20947326268,0.78,-3.596,12.748321,13.334741,12.018137
56.41275809461,25.22420894537,19.832,-45.078,14.256176,15.339489,13.218296
56.4000588991,25.24026891866,-0.092,-0.977,14.67454,15.027658,14.141714
56.52052462185,25.20788298561,19.047,-23.474,12.397573,12.868434,11.750673
56.5181177901,25.23069704803,-0.798,-12.182,14.956318,15.345867,14.394598
56.57863243751,25.27165865794,0.82,-0.949,11.794649,12.684938,10.87302
56.58158357318,25.27928851559,9.335,-0.796,14.256131,14.772071,13.581391
56.50674488366,25.27999564213,1.52,-3.682,14.525739,14.859029,14.019292
56.55298659186,25.32596423834,25.243,-21.894,14.409056,14.831986,13.813511
56.49087921524,25.31387972259,0.779,-2.743,13.85685,14.455284,13.120436
56.32088462821,25.26308312258,19.926,-43.963,14.92041,16.426243,13.726994
56.40297192407,25.29700470181,,,14.949514,,
56.40319354775,25.29678884429,-6.774,-6.561,12.501647,12.832686,11.818487
56.30628479688,25.25536952695,-1.395,-0.961,13.071545,13.341902,12.641283
56.28983426564,25.27572070539,3.53,-2.591,14.434915,14.796406,13.899113
56.30485544716,25.28209762216,-9.79,-12.914,14.138845,14.569267,13.535545
56.31406723889,25.28927622486,20.04,-45.969,11.010165,11.434752,10.41891
56.30014649409,25.32435114196,0.356,-2.63,13.960051,14.633054,13.166284
56.44053060449,25.32148309062,-10.654,-2.995,14.551579,14.974613,13.955881
56.49578725112,25.35249744946,9.572,-3.969,14.301943,14.738181,13.693409
56.4870417856,25.35598272796,8.728,4.948,12.646188,12.992248,12.125394
56.4117877648,25.36241896924,16.599,5.41,12.12656,12.502214,11.577107
56.40584436827,25.3701558519,-9.057,-12.591,14.451677,14.900515,13.830005
56.42537526595,25.3662866437,-3.835,-15.649,13.43854,13.898904,12.813768
56.43771869606,25.38137671302,8.917,-41.183,12.049182,12.584443,11.363909
56.42325337615,25.44357674461,-6.684,-12.428,13.77982,14.234764,13.156216
56.63054053951,25.323855217,46.702,-37.258,10.595325,10.915277,10.109701
56.62081221614,25.32207275726,12.664,-10.653,14.484244,15.346904,13.573731
56.59218897754,25.31640813459,1.382,-5.369,14.772718,15.277702,14.03986
56.55682456459,25.36893913194,-1.109,2.726,14.834374,15.24669,14.238894
56.65559212222,25.41664420277,2.326,1.216,14.217237,14.816088,13.470416
56.54424572568,25.39510418453,2.08,-5.5,13.131917,13.540629,12.554916
56.49651525087,25.39839015778,20.319,-45.413,8.016677,8.108076,7.830856
56.54947425433,25.41836254606,0.466,-22.371,13.553637,14.014376,12.922262
56.51601035673,25.45279619678,22.572,-44.96,13.811097,14.734083,12.862077
56.52402380022,25.47886438591,3.797,-14.596,11.905922,12.148658,11.511781
56.5500399572,25.49330825779,4.602,-13.359,13.941993,14.463214,13.264613
56.5255849297,25.49632196872,-0.867,-15.756,13.669409,14.125928,13.044783
56.63398767592,25.49882668252,-7.985,-18.177,13.027518,13.506331,12.389748
56.58319939873,25.47535770958,19.17,-45.795,11.518227,,
56.58296816958,25.47590819482,-3.569,-11.23,9.184221,9.369066,8.815421
56.60774469187,25.50287583773,-6.342,-6.127,13.67409,14.253072,12.946389
56.66639292143,25.51012222751,3.12,-7.815,14.29329,14.837491,13.596285
56.61468244628,25.54102590362,2.732,-3.93,12.89563,13.233596,12.391566
56.55117640265,25.55045116987,-0.105,-1.203,12.808794,13.933569,11.779138
56.60518539212,25.55573318279,11.293,-23.774,14.582762,14.979402,14.003402
56.59846423421,25.57418663386,3.718,-3.773,14.777775,15.235921,14.146513
55.86099896616,24.99413271748,19.041,-44.587,12.238136,12.790103,11.430503
55.951482386,25.00418502284,19.86,-45.603,11.434036,11.902182,10.793709
55.90806236954,25.03765192115,4.226,-6.858,14.581201,15.094543,13.899953
55.94994861467,25.05300565393,20.977,-46.052,13.915545,14.873429,12.946084
55.9385008148,25.07957585951,1.314,-2.514,11.731602,12.811169,10.710394
55.9300989339,25.08049424832,22.197,-52.654,7.512999,7.567838,7.385068
55.89621895339,25.09072878616,13.211,-9.755,13.995997,14.624851,13.227623
55.98538125335,25.05772361994,-3.858,7.004,13.815854,14.342921,13.133607
56.00959167318,25.06475519189,20.526,-44.502,14.705767,15.935193,13.608971
55.96623175142,25.062910353,-3.747,-13.945,13.510928,13.991168,12.863613
55.99779045048,25.10145435417,10.527,-15.934,14.631936,15.166914,13.93638
55.93416208353,25.09155141996,-1.427,-1.133,13.889151,14.512346,13.126725
55.81781878198,25.09270243435,19.614,-25.03,12.756173,13.182801,12.160049
55.83000603269,25.12948930607,-0.299,-0.353,13.595672,14.288048,12.79045
55.86306283457,25.13297704787,4.577,-10.68,13.861498,14.373623,13.185945
55.77937301985,25.11389589266,30.288,-7.509,11.552255,12.090182,10.871444
55.81191987954,25.12554356408,7.127,-11.095,14.420572,14.917072,13.758711
55.81417346288,25.12967429783,7.243,-11.011,14.891963,15.423974,14.196858
55.91784641816,25.13777507782,15.265,-3.118,13.006239,13.484798,12.358902
55.9518194167,25.18986146471,20.274,-46.576,10.628875,11.070546,10.023461
55.84226909366,25.17126822779,4.597,-5.133,13.306009,13.913161,12.558458
55.88791421799,25.19585994596,10.748,-2.509,14.215632,14.797162,13.485887
56.07299651932,25.11962004013,2.662,-7.804,14.668555,15.20722,13.969096
56.07937882152,25.14780539203,1.551,-0.852,14.735634,15.166093,14.126399
56.11617623921,25.2251934713,5.164,14.262,14.673605,15.116991,14.050397
56.02358254385,25.19872505992,15.3,-7.233,11.859116,12.279808,11.264303
56.03266742687,25.24096897949,-4.664,-7.161,14.032037,14.638926,13.289585
56.18054157046,25.22868468408,4.508,-13.64,14.401316,14.827976,13.797149
56.13931784002,25.22545981058,-6.478,-25.695,14.490888,15.327304,13.596557
56.1073948955,25.28782410317,16.254,-4.577,14.104547,14.623615,13.425962
56.0091944189,25.23670943754,-3.035,-9.136,13.773025,14.196266,13.173958
56.00983381378,25.25220339061,27.628,-15.887,14.230438,14.812087,13.504893
55.98631467387,25.26208174502,19.992,-45.784,14.827288,16.074652,13.722268
55.96130025907,25.26885175298,33.514,-30.432,9.493932,9.782133,9.032573
55.96836659592,25.27388711249,-0.523,-7.271,11.127426,11.940525,10.247084
55.97020901872,25.28499945875,-2.103,-6.531,10.592005,10.87114,10.149364
55.947374725,25.28333572496,-0.246,0.452,14.964762,15.303556,14.442668
55.99021546164,25.3031060647,24.769,12.609,13.127816,13.625038,12.472466
55.96697310413,25.30463069921,2.126,-6.616,14.637667,15.050962,14.046984
56.00438330656,25.33344643531,3.253,-10.46,13.584861,14.01026,12.986437
55.98184265752,25.32808856706,-3.55,-4.937,14.031526,14.48035,13.414001
56.05202940686,25.30412149774,4.164,-6.966,13.003605,13.393865,12.44023
56.05719615693,25.3096927595,1.122,-0.218,14.960182,15.476101,14.280673
56.1067642706,25.37132667924,33.27,-26.138,14.760679,15.441015,13.867068
56.10279230503,25.37686387591,4.892,0.305,14.463557,14.862041,13.886498
56.04806794356,25.37237774297,8.422,-11.896,14.59463,15.235131,13.825665
56.089704685,25.41922515112,0.348,-3.761,14.909913,15.446022,14.182004
56.04927063089,25.39800437016,27.825,-55.81,12.036049,12.450247,11.451226
55.73007947031,25.12919620081,12.376,2.571,14.650228,15.164232,13.97772
55.73606009155,25.13419543476,5.493,0.217,13.819991,14.157201,13.312073
55.70142354566,25.18033021636,-0.509,5.372,14.93815,15.398401,14.303792
55.67340391505,25.2137679156,2.241,9.179,14.177744,14.579949,13.604171
55.73641057489,25.26441475394,470.766,-58.91,14.461738,16.101593,13.230422
55.79359006855,25.21955613875,1.802,-3.391,14.323957,15.002214,13.529001
55.80678409298,25.2699292605,20.01,-46.015,11.959438,12.492394,11.258353
55.8327578345,25.27343174588,9.644,-14.118,14.704496,15.438617,13.872413
55.80082239065,25.28522615959,2.374,-6.205,14.139067,14.585523,13.521145
55.73972246356,25.27491834637,0.813,-2.836,13.090443,13.438951,12.570988
55.81291956994,25.29363248466,-2.878,-4.179,14.205163,14.664742,13.573347
55.81232156445,25.32897541554,-4.501,-34.33,13.280007,13.782763,12.613988
55.81563517055,25.34142370754,19.058,-31.424,14.782628,15.921635,13.721826
55.92420706775,25.30766832686,7.455,1.632,13.784046,14.354126,13.059126
55.90696461456,25.33170278358,-3.738,-1.276,11.975045,12.444844,11.338433
55.94827823991,25.36317199876,6.405,-6.908,14.230047,14.60176,13.632355
55.95391723008,25.36827751196,-6.407,-14.506,13.916996,14.45502,13.227835
55.85541263075,25.34605697053,30.919,-9.921,11.887834,12.413572,11.204908
56.04688427935,25.42314729303,8.254,-3.579,13.227932,13.642874,12.610686
55.94448192878,25.41324785839,1.489,-23.051,9.722104,10.011981,9.267146
56.26072191948,25.34371580508,5.346,-4.908,13.21723,13.66575,12.589234
56.30727714938,25.38242477282,2.625,-4.305,13.698646,14.201481,13.035877
56.22366686189,25.34571640102,3.448,-10.128,14.888557,15.465193,14.159832
56.22971095137,25.36145207297,9.397,-9.794,13.106153,14.00491,12.088277
56.27362208811,25.40997010268,-9.995,-10.379,14.656755,15.27155,13.900358
56.33544856048,25.39555949098,-2.172,-2.29,13.787793,14.19303,13.207096
56.31556690133,25.40466005719,-4.528,-8.216,11.904624,12.269195,11.364735
56.31192261096,25.40482585704,2.5,0.02,13.405081,14.060674,12.626109
56.3882099221,25.43411654558,3.01,-2.282,14.729939,15.09677,14.190736
56.39656355221,25.46082995185,-7.053,-11.871,14.986974,15.420243,14.37972
56.27414567088,25.4260594045,-8.6,-9.2,14.860065,15.350252,14.207154
56.26288095593,25.45526098098,-6.384,-0.611,13.707581,14.177495,12.985232
56.33338108235,25.49817641868,-0.197,-1.14,14.52772,15.245093,13.706144
56.350590276,25.50109818257,-1.994,-59.379,12.073158,12.470494,11.505903
56.16661149438,25.44103202714,14.74,-12.4,13.869049,14.471895,13.123721
56.19373360068,25.44448781673,-8.946,-5.45,13.530437,13.955161,12.933021
56.19849274846,25.46481834397,-0.863,-5.081,14.046104,14.390595,13.528008
56.18321118056,25.4990904085,20.325,-43.832,11.862408,12.373336,11.193335
56.14212868543,25.48838129711,1.733,-6.369,14.503469,14.915586,13.905419
56.25551626254,25.46170603483,0.46,-12.572,14.949695,15.476188,14.262546
56.27080758172,25.47417565814,22.964,-20.785,13.827352,14.287096,13.199
56.25647478971,25.48493403637,-10.02,-14.804,13.010325,13.601065,12.284042
56.19090480318,25.50986599629,1.447,-3.494,13.997698,14.643447,13.226439
56.47059639031,25.52263375484,,,14.137123,14.468875,13.407613
56.40494398895,25.54237535882,-0.015,-1.956,14.0677,14.402223,13.5583
56.36420511572,25.54311144121,-11.808,1.08,13.771344,14.21895,13.15841
56.44414683652,25.56455766444,-7.51,-37.178,14.804823,15.549579,13.961969
56.51309738126,25.54460606813,20.901,-36.811,10.583856,10.86897,10.131904
56.5463336117,25.56353445036,3.577,-1.613,12.680161,13.326517,11.903798
56.06871235988,25.46780428123,-0.68,-14.012,12.750984,13.373045,11.994437
56.97644919903,25.3237823606,10.803,2.829,14.646853,15.084525,14.040868
56.92700596866,25.33771400371,-0.911,2.219,11.854253,12.019623,11.564198
57.01223869414,25.34199056495,-14.373,-32.82,10.914677,11.256224,10.399617
57.01891353993,25.34964149051,9.705,-11.677,13.643541,14.046748,13.070814
56.94727672789,25.3687835679,24.914,-25.446,14.766242,15.513255,13.904309
56.89376224423,25.37449430032,15.928,4.821,12.833914,12.99266,11.707241
56.89364178335,25.3746448372,,,13.630333,,
56.90388179053,25.38769840012,18.003,-8.184,11.435756,11.810406,10.902318
56.94524283765,25.38549346833,19.423,-45.777,8.26957,8.384363,8.040771
56.9653293737,25.41178208252,1.426,-2.528,14.308446,14.919381,13.5565
57.07635574296,25.40383305951,-9.515,-7.111,14.569033,15.164533,13.820988
57.07387558065,25.42818250485,14.039,-7.806,11.498532,11.912388,10.91571
57.11482026566,25.45005124108,0.511,-2.281,14.243922,14.862057,13.488007
56.98881149686,25.44064903789,4.189,-10.677,14.895541,15.351793,14.233691
56.84656026004,25.42197906999,-16.352,-16.498,14.501289,15.208917,13.68864
56.87192387957,25.43331718627,0.23,-3.823,14.16834,15.097843,13.217361
56.85617741974,25.42137808081,8.269,-10.056,13.657937,14.284324,12.888592
56.91629443862,25.41806769111,-8.133,-6.168,14.54386,15.161942,13.788122
56.90094299275,25.43562933763,-2.355,-5.306,12.002753,12.746386,11.165497
56.80853264488,25.424126657,10.385,-13.082,14.548584,14.981681,13.943159
56.86162935218,25.51077312792,3.533,-0.565,14.509754,14.915321,13.92743
56.96087053204,25.5103823503,-0.7,0.152,13.984879,14.588942,13.239877
56.94510992152,25.50534742594,2.645,-0.578,14.838307,15.281686,14.217725
56.99954762271,25.49817947063,3.252,-3.925,14.744147,15.132505,14.177607
56.99860783492,25.50428697782,14.797,-11.947,14.845362,15.296184,14.224733
56.97436094437,25.5117360707,2.728,-15.183,13.432535,13.94456,12.757855
56.98626947089,25.52574847841,-3.98,-5.376,13.592576,13.970613,13.039263
56.89079220686,25.54070198092,5.481,-7.291,12.903261,13.306477,12.32797
56.89678892562,25.5437587917,18.625,-42.81,13.986233,14.966399,13.003712
56.98371366826,25.56927375244,6.081,-6.343,14.64462,15.107112,14.007189
56.92731500774,25.5728255874,3.961,-2.832,11.166171,11.810411,10.393274
56.94878166776,25.58675061653,0.249,-0.713,14.846593,15.54176,14.035135
57.09699893415,25.49254005663,-1.201,-4.054,13.947758,14.367046,13.359571
57.16470742012,25.53949739155,40.961,-20.691,14.289902,14.982874,13.4863
57.07734312688,25.51051895788,7.693,2.533,13.68821,14.082996,12.838679
57.16173781356,25.56137425199,4.001,-9.057,14.345871,14.846895,13.683683
56.79404996576,25.50609125762,10.338,-0.043,14.684716,15.132977,14.061252
56.75901011801,25.50934620002,0.675,-0.942,13.598326,14.242215,12.824961
56.79997108042,25.50918645339,11.418,-16.696,13.496296,13.999395,12.831598
56.80421913789,25.51063657622,1.116,-1.16,14.972509,15.45193,14.32505
56.83709232129,25.52563883889,19.304,-45.569,9.696473,9.988295,9.23546
56.78317850312,25.52927331508,-2.687,-0.02,14.731154,15.162985,14.126416
56.79766544676,25.53586840067,12.787,-2.444,13.55622,14.085135,12.87182
56.81402161529,25.53904347489,-2.556,-11.236,14.697052,15.201283,14.028864
56.84304417332,25.55117853337,-2.922,-1.432,14.27073,14.706696,13.664533
56.83069390071,25.55406586039,6.414,-4.301,13.229192,13.602611,12.678133
56.73900124932,25.5066020895,30.609,-35.935,13.332387,13.924107,12.605996
56.69828239171,25.53459823153,3.749,-1.788,14.725866,15.078893,14.197609
56.76049871182,25.55267888686,2.039,-2.268,12.899451,13.875276,11.927176
56.84149878673,25.58791939645,-0.697,-0.431,14.338267,14.676099,13.822248
56.67690663699,25.54249964885,-1.072,-17.928,13.326449,13.741233,12.738786
56.71252534492,25.5529362285,0.309,0.845,13.879496,14.228518,13.35563
56.67914860485,25.59767425874,5.651,-13.254,14.618637,15.113854,13.962362
